Entity,Code,Year,mean_annual_exposure
Afghanistan,AFG,1990,65.48679352
Afghanistan,AFG,1995,65.17951202
Afghanistan,AFG,2000,64.92246246
Afghanistan,AFG,2005,64.52268219
Afghanistan,AFG,2010,65.24559021
Afghanistan,AFG,2011,66.83572388
Afghanistan,AFG,2012,66.02317047
Afghanistan,AFG,2013,61.366745
Afghanistan,AFG,2014,59.0103302
Afghanistan,AFG,2015,61.25265503
Afghanistan,AFG,2016,56.28704834
Afghanistan,AFG,2017,56.91080856
Albania,ALB,1990,22.71866417
Albania,ALB,1995,22.02921867
Albania,ALB,2000,21.99824905
Albania,ALB,2005,21.57525826
Albania,ALB,2010,21.27782822
Albania,ALB,2011,22.77253723
Albania,ALB,2012,20.57825851
Albania,ALB,2013,19.93851662
Albania,ALB,2014,18.883955
Albania,ALB,2015,19.51253891
Albania,ALB,2016,18.18993378
Albania,ALB,2017,18.20060158
Algeria,DZA,1990,36.93025589
Algeria,DZA,1995,36.45658493
Algeria,DZA,2000,37.53604889
Algeria,DZA,2005,35.85882568
Algeria,DZA,2010,33.63581848
Algeria,DZA,2011,33.83404922
Algeria,DZA,2012,33.3668251
Algeria,DZA,2013,34.245327
Algeria,DZA,2014,35.56391907
Algeria,DZA,2015,36.08916473
Algeria,DZA,2016,39.8532753
Algeria,DZA,2017,38.88401031
American Samoa,ASM,1990,12.47908306
American Samoa,ASM,1995,12.47908306
American Samoa,ASM,2000,15.21466827
American Samoa,ASM,2005,15.23784161
American Samoa,ASM,2010,15.07272148
American Samoa,ASM,2011,15.39064217
American Samoa,ASM,2012,14.34415054
American Samoa,ASM,2013,14.12722588
American Samoa,ASM,2014,13.31699181
American Samoa,ASM,2015,13.01939011
American Samoa,ASM,2016,12.38272953
American Samoa,ASM,2017,12.47382069
Andorra,AND,1990,14.11874199
Andorra,AND,1995,13.93686676
Andorra,AND,2000,12.59401512
Andorra,AND,2005,12.9613781
Andorra,AND,2010,12.80719757
Andorra,AND,2011,13.27350521
Andorra,AND,2012,12.40705299
Andorra,AND,2013,11.81367302
Andorra,AND,2014,10.83041859
Andorra,AND,2015,11.46217823
Andorra,AND,2016,10.25583458
Andorra,AND,2017,10.307621
Angola,AGO,1990,36.4481163
Angola,AGO,1995,35.60290909
Angola,AGO,2000,36.18296814
Angola,AGO,2005,34.96291351
Angola,AGO,2010,33.7872467
Angola,AGO,2011,33.10419464
Angola,AGO,2012,33.41549683
Angola,AGO,2013,34.66392136
Angola,AGO,2014,32.97402573
Angola,AGO,2015,32.72987366
Angola,AGO,2016,31.78538895
Angola,AGO,2017,32.38850403
Antigua and Barbuda,ATG,1990,22.40856361
Antigua and Barbuda,ATG,1995,22.45159531
Antigua and Barbuda,ATG,2000,21.97611809
Antigua and Barbuda,ATG,2005,22.13432884
Antigua and Barbuda,ATG,2010,22.52887535
Antigua and Barbuda,ATG,2011,23.14786148
Antigua and Barbuda,ATG,2012,21.47105026
Antigua and Barbuda,ATG,2013,20.73538589
Antigua and Barbuda,ATG,2014,19.72558403
Antigua and Barbuda,ATG,2015,19.69638824
Antigua and Barbuda,ATG,2016,18.46092987
Antigua and Barbuda,ATG,2017,18.62234306
Argentina,ARG,1990,16.22052956
Argentina,ARG,1995,16.84606552
Argentina,ARG,2000,16.78094864
Argentina,ARG,2005,16.40308571
Argentina,ARG,2010,16.85910034
Argentina,ARG,2011,17.38298225
Argentina,ARG,2012,16.13507271
Argentina,ARG,2013,15.59737492
Argentina,ARG,2014,14.46697998
Argentina,ARG,2015,14.63162613
Argentina,ARG,2016,13.75144386
Argentina,ARG,2017,13.31183434
Armenia,ARM,1990,36.86072159
Armenia,ARM,1995,35.12094116
Armenia,ARM,2000,36.79644775
Armenia,ARM,2005,37.0687294
Armenia,ARM,2010,37.53004074
Armenia,ARM,2011,38.61227417
Armenia,ARM,2012,37.18448639
Armenia,ARM,2013,34.9372139
Armenia,ARM,2014,33.08594894
Armenia,ARM,2015,34.88143158
Armenia,ARM,2016,32.22716904
Armenia,ARM,2017,32.52811813
Australia,AUS,1990,10.41185474
Australia,AUS,1995,10.42639637
Australia,AUS,2000,10.8437233
Australia,AUS,2005,10.59713364
Australia,AUS,2010,10.61887932
Australia,AUS,2011,11.04726505
Australia,AUS,2012,10.5370903
Australia,AUS,2013,9.98768425
Australia,AUS,2014,9.49297905
Australia,AUS,2015,9.320014954
Australia,AUS,2016,8.614508629
Australia,AUS,2017,8.55032444
Austria,AUT,1990,16.86668777
Austria,AUT,1995,15.70612621
Austria,AUT,2000,15.35536289
Austria,AUT,2005,15.59206295
Austria,AUT,2010,15.14914036
Austria,AUT,2011,15.57337093
Austria,AUT,2012,14.28233242
Austria,AUT,2013,14.08161354
Austria,AUT,2014,13.37922764
Austria,AUT,2015,13.54109478
Austria,AUT,2016,12.59681606
Austria,AUT,2017,12.47796631
Azerbaijan,AZE,1990,23.94291496
Azerbaijan,AZE,1995,23.39142799
Azerbaijan,AZE,2000,22.88077164
Azerbaijan,AZE,2005,22.86570549
Azerbaijan,AZE,2010,23.0476017
Azerbaijan,AZE,2011,23.62986946
Azerbaijan,AZE,2012,22.18081093
Azerbaijan,AZE,2013,22.27877998
Azerbaijan,AZE,2014,20.71006775
Azerbaijan,AZE,2015,21.41412354
Azerbaijan,AZE,2016,20.20815659
Azerbaijan,AZE,2017,19.92866325
Bahamas,BHS,1990,21.01992416
Bahamas,BHS,1995,21.28662682
Bahamas,BHS,2000,21.31820107
Bahamas,BHS,2005,21.06635666
Bahamas,BHS,2010,21.11051369
Bahamas,BHS,2011,21.77442551
Bahamas,BHS,2012,20.31707573
Bahamas,BHS,2013,19.90940094
Bahamas,BHS,2014,18.49533272
Bahamas,BHS,2015,18.88630676
Bahamas,BHS,2016,17.65132141
Bahamas,BHS,2017,17.36771965
Bahrain,BHR,1990,68.15876007
Bahrain,BHR,1995,68.12335205
Bahrain,BHR,2000,67.95778656
Bahrain,BHR,2005,64.58727264
Bahrain,BHR,2010,65.63088226
Bahrain,BHR,2011,63.73249817
Bahrain,BHR,2012,70.28748322
Bahrain,BHR,2013,67.79467773
Bahrain,BHR,2014,62.75854492
Bahrain,BHR,2015,72.60467529
Bahrain,BHR,2016,69.86418152
Bahrain,BHR,2017,70.81620789
Bangladesh,BGD,1990,61.59563065
Bangladesh,BGD,1995,61.80314255
Bangladesh,BGD,2000,63.03634262
Bangladesh,BGD,2005,68.87354279
Bangladesh,BGD,2010,70.76499939
Bangladesh,BGD,2011,70.2105484
Bangladesh,BGD,2012,70.79390717
Bangladesh,BGD,2013,65.64508057
Bangladesh,BGD,2014,68.39537811
Bangladesh,BGD,2015,66.96575165
Bangladesh,BGD,2016,60.12627411
Bangladesh,BGD,2017,60.84578323
Barbados,BRB,1990,28.21252251
Barbados,BRB,1995,28.24588203
Barbados,BRB,2000,28.47945595
Barbados,BRB,2005,28.48280144
Barbados,BRB,2010,28.21681404
Barbados,BRB,2011,29.30348969
Barbados,BRB,2012,27.03352928
Barbados,BRB,2013,26.23023033
Barbados,BRB,2014,25.18301392
Barbados,BRB,2015,24.68624115
Barbados,BRB,2016,23.45919991
Barbados,BRB,2017,23.0801754
Belarus,BLR,1990,24.58584785
Belarus,BLR,1995,22.65688705
Belarus,BLR,2000,22.65026665
Belarus,BLR,2005,22.87190056
Belarus,BLR,2010,23.31941032
Belarus,BLR,2011,22.91114616
Belarus,BLR,2012,21.64637184
Belarus,BLR,2013,20.59045982
Belarus,BLR,2014,19.76605415
Belarus,BLR,2015,20.07627678
Belarus,BLR,2016,18.87823868
Belarus,BLR,2017,18.76557922
Belgium,BEL,1990,17.5874958
Belgium,BEL,1995,16.49606514
Belgium,BEL,2000,15.66245079
Belgium,BEL,2005,15.43635178
Belgium,BEL,2010,16.00931931
Belgium,BEL,2011,15.69844246
Belgium,BEL,2012,14.74189377
Belgium,BEL,2013,14.02266979
Belgium,BEL,2014,13.2336216
Belgium,BEL,2015,13.5665226
Belgium,BEL,2016,12.83308792
Belgium,BEL,2017,12.88651848
Belize,BLZ,1990,27.42980194
Belize,BLZ,1995,27.12519264
Belize,BLZ,2000,27.8414402
Belize,BLZ,2005,28.29257965
Belize,BLZ,2010,28.27305412
Belize,BLZ,2011,28.80044556
Belize,BLZ,2012,27.40912247
Belize,BLZ,2013,27.28443909
Belize,BLZ,2014,24.4211483
Belize,BLZ,2015,25.21682549
Belize,BLZ,2016,23.06568336
Belize,BLZ,2017,23.01189232
Benin,BEN,1990,40.22013474
Benin,BEN,1995,38.07847214
Benin,BEN,2000,39.77629471
Benin,BEN,2005,34.32880783
Benin,BEN,2010,32.39297104
Benin,BEN,2011,32.58084488
Benin,BEN,2012,31.99200058
Benin,BEN,2013,31.44329834
Benin,BEN,2014,29.6604557
Benin,BEN,2015,40.47068405
Benin,BEN,2016,38.44770432
Benin,BEN,2017,38.99995804
Bermuda,BMU,1990,11.74975967
Bermuda,BMU,1995,11.69101143
Bermuda,BMU,2000,14.80544281
Bermuda,BMU,2005,14.77558708
Bermuda,BMU,2010,14.64738178
Bermuda,BMU,2011,14.84311295
Bermuda,BMU,2012,13.97908306
Bermuda,BMU,2013,13.47885132
Bermuda,BMU,2014,12.8064146
Bermuda,BMU,2015,12.41796112
Bermuda,BMU,2016,11.65994358
Bermuda,BMU,2017,11.64635944
Bhutan,BTN,1990,40.20597076
Bhutan,BTN,1995,40.07507324
Bhutan,BTN,2000,39.74958038
Bhutan,BTN,2005,43.01963425
Bhutan,BTN,2010,43.96188354
Bhutan,BTN,2011,43.07170486
Bhutan,BTN,2012,42.93227386
Bhutan,BTN,2013,41.88190842
Bhutan,BTN,2014,40.83967209
Bhutan,BTN,2015,39.81863785
Bhutan,BTN,2016,37.22436523
Bhutan,BTN,2017,37.92650223
Bolivia,BOL,1990,23.95267868
Bolivia,BOL,1995,24.67257309
Bolivia,BOL,2000,26.25444221
Bolivia,BOL,2005,29.39564323
Bolivia,BOL,2010,29.57280922
Bolivia,BOL,2011,27.90420532
Bolivia,BOL,2012,26.39024353
Bolivia,BOL,2013,26.09046936
Bolivia,BOL,2014,24.81882858
Bolivia,BOL,2015,22.47640038
Bolivia,BOL,2016,21.38660431
Bolivia,BOL,2017,21.56898689
Bosnia and Herzegovina,BIH,1990,30.35255814
Bosnia and Herzegovina,BIH,1995,29.33961296
Bosnia and Herzegovina,BIH,2000,33.17226028
Bosnia and Herzegovina,BIH,2005,33.77212143
Bosnia and Herzegovina,BIH,2010,32.30015564
Bosnia and Herzegovina,BIH,2011,34.19186783
Bosnia and Herzegovina,BIH,2012,31.77326012
Bosnia and Herzegovina,BIH,2013,30.44622993
Bosnia and Herzegovina,BIH,2014,28.77732468
Bosnia and Herzegovina,BIH,2015,29.62283897
Bosnia and Herzegovina,BIH,2016,27.59446716
Bosnia and Herzegovina,BIH,2017,27.74766922
Botswana,BWA,1990,25.43543053
Botswana,BWA,1995,24.98630905
Botswana,BWA,2000,25.30182457
Botswana,BWA,2005,25.07372665
Botswana,BWA,2010,25.72472
Botswana,BWA,2011,24.5921154
Botswana,BWA,2012,24.85403824
Botswana,BWA,2013,24.87425995
Botswana,BWA,2014,24.15127754
Botswana,BWA,2015,24.33025742
Botswana,BWA,2016,23.63126755
Botswana,BWA,2017,23.09438705
Brazil,BRA,1990,15.14386177
Brazil,BRA,1995,15.41285706
Brazil,BRA,2000,15.77348137
Brazil,BRA,2005,15.59592533
Brazil,BRA,2010,15.95528507
Brazil,BRA,2011,15.91279793
Brazil,BRA,2012,15.2854557
Brazil,BRA,2013,14.60990047
Brazil,BRA,2014,13.98993492
Brazil,BRA,2015,13.59465599
Brazil,BRA,2016,12.65867615
Brazil,BRA,2017,12.70662975
Brunei,BRN,1990,6.732298374
Brunei,BRN,1995,6.839568138
Brunei,BRN,2000,6.884513378
Brunei,BRN,2005,7.244391918
Brunei,BRN,2010,7.417004585
Brunei,BRN,2011,7.366187096
Brunei,BRN,2012,7.570822716
Brunei,BRN,2013,6.709489822
Brunei,BRN,2014,6.180830002
Brunei,BRN,2015,6.484179974
Brunei,BRN,2016,5.927599907
Brunei,BRN,2017,5.903065681
Bulgaria,BGR,1990,27.55988121
Bulgaria,BGR,1995,25.4928093
Bulgaria,BGR,2000,24.08980942
Bulgaria,BGR,2005,23.26729965
Bulgaria,BGR,2010,22.75619507
Bulgaria,BGR,2011,24.3003273
Bulgaria,BGR,2012,22.64465523
Bulgaria,BGR,2013,20.9996376
Bulgaria,BGR,2014,20.74357033
Bulgaria,BGR,2015,20.77642822
Bulgaria,BGR,2016,19.28301239
Bulgaria,BGR,2017,19.14913177
Burkina Faso,BFA,1990,46.01465988
Burkina Faso,BFA,1995,45.1089325
Burkina Faso,BFA,2000,44.88311005
Burkina Faso,BFA,2005,39.33511353
Burkina Faso,BFA,2010,37.49132919
Burkina Faso,BFA,2011,37.28137589
Burkina Faso,BFA,2012,38.78415298
Burkina Faso,BFA,2013,33.28720093
Burkina Faso,BFA,2014,33.96909332
Burkina Faso,BFA,2015,46.56216812
Burkina Faso,BFA,2016,41.53724289
Burkina Faso,BFA,2017,42.93559265
Burundi,BDI,1990,41.24888992
Burundi,BDI,1995,40.00953674
Burundi,BDI,2000,40.95578003
Burundi,BDI,2005,40.14781189
Burundi,BDI,2010,38.38116837
Burundi,BDI,2011,38.2361908
Burundi,BDI,2012,41.01132965
Burundi,BDI,2013,39.97107315
Burundi,BDI,2014,39.38755798
Burundi,BDI,2015,38.4308815
Burundi,BDI,2016,38.65322495
Burundi,BDI,2017,38.89626694
Cambodia,KHM,1990,29.47759628
Cambodia,KHM,1995,30.06684113
Cambodia,KHM,2000,29.97403336
Cambodia,KHM,2005,31.40893555
Cambodia,KHM,2010,31.34313583
Cambodia,KHM,2011,30.91962433
Cambodia,KHM,2012,31.28373337
Cambodia,KHM,2013,30.33652878
Cambodia,KHM,2014,28.58336639
Cambodia,KHM,2015,26.76923943
Cambodia,KHM,2016,25.20287514
Cambodia,KHM,2017,25.61429214
Cameroon,CMR,1990,75.00667572
Cameroon,CMR,1995,72.57501221
Cameroon,CMR,2000,70.82948303
Cameroon,CMR,2005,63.45308304
Cameroon,CMR,2010,59.29340363
Cameroon,CMR,2011,58.07690048
Cameroon,CMR,2012,62.77669525
Cameroon,CMR,2013,58.18633652
Cameroon,CMR,2014,56.71530533
Cameroon,CMR,2015,77.05174255
Cameroon,CMR,2016,73.20529175
Cameroon,CMR,2017,72.79309845
Canada,CAN,1990,8.225863457
Canada,CAN,1995,8.103930473
Canada,CAN,2000,8.280983925
Canada,CAN,2005,8.495469093
Canada,CAN,2010,8.384457588
Canada,CAN,2011,8.624461174
Canada,CAN,2012,8.107410431
Canada,CAN,2013,7.79163599
Canada,CAN,2014,7.428420067
Canada,CAN,2015,7.151582241
Canada,CAN,2016,6.54907465
Canada,CAN,2017,6.42838335
Cape Verde,CPV,1990,36.13872528
Cape Verde,CPV,1995,36.36461258
Cape Verde,CPV,2000,36.62812424
Cape Verde,CPV,2005,30.26240921
Cape Verde,CPV,2010,27.59644127
Cape Verde,CPV,2011,31.64177895
Cape Verde,CPV,2012,32.94099426
Cape Verde,CPV,2013,32.08584213
Cape Verde,CPV,2014,31.6210804
Cape Verde,CPV,2015,38.63361359
Cape Verde,CPV,2016,33.39233017
Cape Verde,CPV,2017,34.77870178
Central African Republic,CAF,1990,53.28715515
Central African Republic,CAF,1995,53.40425491
Central African Republic,CAF,2000,51.57214355
Central African Republic,CAF,2005,52.89663315
Central African Republic,CAF,2010,51.53332138
Central African Republic,CAF,2011,51.22953033
Central African Republic,CAF,2012,53.35883331
Central African Republic,CAF,2013,50.87491226
Central African Republic,CAF,2014,49.3563652
Central African Republic,CAF,2015,58.3260994
Central African Republic,CAF,2016,56.98542404
Central African Republic,CAF,2017,56.82849884
Chad,TCD,1990,65.72098541
Chad,TCD,1995,68.90049744
Chad,TCD,2000,65.97160339
Chad,TCD,2005,58.2008934
Chad,TCD,2010,56.58662796
Chad,TCD,2011,55.19515991
Chad,TCD,2012,58.67538834
Chad,TCD,2013,53.05640793
Chad,TCD,2014,51.24716949
Chad,TCD,2015,68.68239594
Chad,TCD,2016,64.77076721
Chad,TCD,2017,66.02920532
Chile,CHL,1990,24.67605591
Chile,CHL,1995,24.94324112
Chile,CHL,2000,26.16859436
Chile,CHL,2005,25.52731705
Chile,CHL,2010,25.89229202
Chile,CHL,2011,27.24586678
Chile,CHL,2012,25.04715538
Chile,CHL,2013,23.93669319
Chile,CHL,2014,22.8682518
Chile,CHL,2015,22.56979179
Chile,CHL,2016,20.87687111
Chile,CHL,2017,21.03629875
China,CHN,1990,57.76500702
China,CHN,1995,58.66016006
China,CHN,2000,60.7048378
China,CHN,2005,66.17450714
China,CHN,2010,69.47956848
China,CHN,2011,70.54203033
China,CHN,2012,63.82701874
China,CHN,2013,65.51454926
China,CHN,2014,59.76736832
China,CHN,2015,59.06342316
China,CHN,2016,52.21132278
China,CHN,2017,52.66459656
Colombia,COL,1990,20.38351631
Colombia,COL,1995,20.013237
Colombia,COL,2000,20.05341911
Colombia,COL,2005,21.28477478
Colombia,COL,2010,21.4978447
Colombia,COL,2011,21.36777878
Colombia,COL,2012,20.53663635
Colombia,COL,2013,19.22334862
Colombia,COL,2014,18.34420586
Colombia,COL,2015,17.30028343
Colombia,COL,2016,16.58060074
Colombia,COL,2017,16.52721024
Comoros,COM,1990,21.75399208
Comoros,COM,1995,21.0774231
Comoros,COM,2000,21.54405594
Comoros,COM,2005,21.24320602
Comoros,COM,2010,20.66635704
Comoros,COM,2011,21.02016068
Comoros,COM,2012,21.25262833
Comoros,COM,2013,21.04796219
Comoros,COM,2014,21.50207138
Comoros,COM,2015,20.7155571
Comoros,COM,2016,20.48272705
Comoros,COM,2017,20.54682541
Congo,COG,1990,46.68716049
Congo,COG,1995,42.66256332
Congo,COG,2000,43.5987854
Congo,COG,2005,42.68905258
Congo,COG,2010,42.00909042
Congo,COG,2011,44.15559387
Congo,COG,2012,43.48998642
Congo,COG,2013,46.12663651
Congo,COG,2014,45.85281754
Congo,COG,2015,44.14769363
Congo,COG,2016,45.7110405
Congo,COG,2017,46.63822174
Costa Rica,CRI,1990,18.3087635
Costa Rica,CRI,1995,18.56163979
Costa Rica,CRI,2000,19.41210175
Costa Rica,CRI,2005,19.65730667
Costa Rica,CRI,2010,19.27295303
Costa Rica,CRI,2011,19.70213318
Costa Rica,CRI,2012,19.33512688
Costa Rica,CRI,2013,18.34151649
Costa Rica,CRI,2014,17.54363441
Costa Rica,CRI,2015,16.87928963
Costa Rica,CRI,2016,15.65581226
Costa Rica,CRI,2017,15.72592068
Cote d'Ivoire,CIV,1990,25.87320137
Cote d'Ivoire,CIV,1995,24.8516922
Cote d'Ivoire,CIV,2000,25.26349258
Cote d'Ivoire,CIV,2005,21.82881165
Cote d'Ivoire,CIV,2010,21.61770439
Cote d'Ivoire,CIV,2011,22.59307289
Cote d'Ivoire,CIV,2012,22.49440384
Cote d'Ivoire,CIV,2013,21.3055439
Cote d'Ivoire,CIV,2014,20.900177
Cote d'Ivoire,CIV,2015,27.68749428
Cote d'Ivoire,CIV,2016,26.6747036
Cote d'Ivoire,CIV,2017,25.88626671
Croatia,HRV,1990,21.93869209
Croatia,HRV,1995,20.92502594
Croatia,HRV,2000,21.51238441
Croatia,HRV,2005,22.12263298
Croatia,HRV,2010,21.3347187
Croatia,HRV,2011,21.96600342
Croatia,HRV,2012,20.2024231
Croatia,HRV,2013,19.58696175
Croatia,HRV,2014,18.43310356
Croatia,HRV,2015,19.20668221
Croatia,HRV,2016,17.78931808
Croatia,HRV,2017,17.90177155
Cuba,CUB,1990,23.79235077
Cuba,CUB,1995,24.25965118
Cuba,CUB,2000,24.13736725
Cuba,CUB,2005,24.00992012
Cuba,CUB,2010,23.93329811
Cuba,CUB,2011,24.78731918
Cuba,CUB,2012,23.23978806
Cuba,CUB,2013,22.85074234
Cuba,CUB,2014,21.29623413
Cuba,CUB,2015,20.8640995
Cuba,CUB,2016,19.73784065
Cuba,CUB,2017,19.70604706
Cyprus,CYP,1990,20.90657616
Cyprus,CYP,1995,20.51722145
Cyprus,CYP,2000,20.18499374
Cyprus,CYP,2005,19.71804428
Cyprus,CYP,2010,20.08186531
Cyprus,CYP,2011,20.09096336
Cyprus,CYP,2012,19.22484398
Cyprus,CYP,2013,18.68454552
Cyprus,CYP,2014,18.2935276
Cyprus,CYP,2015,19.10134697
Cyprus,CYP,2016,16.95802116
Cyprus,CYP,2017,17.29440689
Czechia,CZE,1990,24.40361786
Czechia,CZE,1995,22.12133217
Czechia,CZE,2000,20.43670654
Czechia,CZE,2005,19.94659233
Czechia,CZE,2010,20.67687035
Czechia,CZE,2011,20.08124733
Czechia,CZE,2012,18.74317551
Czechia,CZE,2013,17.99628639
Czechia,CZE,2014,17.39121628
Czechia,CZE,2015,17.41645241
Czechia,CZE,2016,16.10058403
Czechia,CZE,2017,16.07124519
Democratic Republic of Congo,COD,1990,43.23313522
Democratic Republic of Congo,COD,1995,43.48303604
Democratic Republic of Congo,COD,2000,44.76174545
Democratic Republic of Congo,COD,2005,42.04343796
Democratic Republic of Congo,COD,2010,41.39804077
Democratic Republic of Congo,COD,2011,41.49328613
Democratic Republic of Congo,COD,2012,43.03676987
Democratic Republic of Congo,COD,2013,44.49576187
Democratic Republic of Congo,COD,2014,42.54944611
Democratic Republic of Congo,COD,2015,44.93118668
Democratic Republic of Congo,COD,2016,45.49950027
Democratic Republic of Congo,COD,2017,44.90926361
Denmark,DNK,1990,13.2549305
Denmark,DNK,1995,12.66754723
Denmark,DNK,2000,12.41693974
Denmark,DNK,2005,12.07842827
Denmark,DNK,2010,11.92914772
Denmark,DNK,2011,12.66233158
Denmark,DNK,2012,11.11552525
Denmark,DNK,2013,10.82027912
Denmark,DNK,2014,11.06670475
Denmark,DNK,2015,10.65728569
Denmark,DNK,2016,10.09597206
Denmark,DNK,2017,10.02965355
Djibouti,DJI,1990,40.87716675
Djibouti,DJI,1995,41.22401428
Djibouti,DJI,2000,40.98011017
Djibouti,DJI,2005,39.1729393
Djibouti,DJI,2010,38.24086761
Djibouti,DJI,2011,40.44183731
Djibouti,DJI,2012,39.9428215
Djibouti,DJI,2013,40.10377121
Djibouti,DJI,2014,41.25972748
Djibouti,DJI,2015,45.95080948
Djibouti,DJI,2016,45.8688736
Djibouti,DJI,2017,45.54961777
Dominica,DMA,1990,23.34142876
Dominica,DMA,1995,22.86565018
Dominica,DMA,2000,22.95541573
Dominica,DMA,2005,23.56283569
Dominica,DMA,2010,23.74074554
Dominica,DMA,2011,24.27612305
Dominica,DMA,2012,22.21579933
Dominica,DMA,2013,22.15106773
Dominica,DMA,2014,21.01030731
Dominica,DMA,2015,20.68878937
Dominica,DMA,2016,19.98814774
Dominica,DMA,2017,19.49315453
Dominican Republic,DOM,1990,15.44407368
Dominican Republic,DOM,1995,15.73914051
Dominican Republic,DOM,2000,16.4531498
Dominican Republic,DOM,2005,16.5854454
Dominican Republic,DOM,2010,16.87446594
Dominican Republic,DOM,2011,17.29977989
Dominican Republic,DOM,2012,16.15283966
Dominican Republic,DOM,2013,15.39695072
Dominican Republic,DOM,2014,14.18807411
Dominican Republic,DOM,2015,14.85822105
Dominican Republic,DOM,2016,13.69022751
Dominican Republic,DOM,2017,13.72632122
East Asia and Pacific,,1990,44.91630554
East Asia and Pacific,,1995,45.44395065
East Asia and Pacific,,2000,46.58545685
East Asia and Pacific,,2005,50.14503098
East Asia and Pacific,,2010,51.91201019
East Asia and Pacific,,2011,52.42434311
East Asia and Pacific,,2012,48.08143234
East Asia and Pacific,,2013,48.87065887
East Asia and Pacific,,2014,44.89937973
East Asia and Pacific,,2015,44.27488327
East Asia and Pacific,,2016,39.570755
East Asia and Pacific,,2017,39.80504608
Ecuador,ECU,1990,18.42443275
Ecuador,ECU,1995,18.48501015
Ecuador,ECU,2000,18.70026588
Ecuador,ECU,2005,19.91466904
Ecuador,ECU,2010,19.97918892
Ecuador,ECU,2011,19.32199478
Ecuador,ECU,2012,19.55771065
Ecuador,ECU,2013,18.11860847
Ecuador,ECU,2014,16.23418808
Ecuador,ECU,2015,15.69970798
Ecuador,ECU,2016,14.98157787
Ecuador,ECU,2017,14.88610077
Egypt,EGY,1990,75.4752655
Egypt,EGY,1995,72.33836365
Egypt,EGY,2000,73.26432037
Egypt,EGY,2005,74.03844452
Egypt,EGY,2010,77.44661713
Egypt,EGY,2011,70.78635406
Egypt,EGY,2012,72.79056549
Egypt,EGY,2013,76.21365356
Egypt,EGY,2014,76.55960083
Egypt,EGY,2015,88.21338654
Egypt,EGY,2016,88.14849854
Egypt,EGY,2017,86.99945068
El Salvador,SLV,1990,31.12621307
El Salvador,SLV,1995,31.81958961
El Salvador,SLV,2000,31.85259628
El Salvador,SLV,2005,31.97286606
El Salvador,SLV,2010,30.46194077
El Salvador,SLV,2011,33.62826538
El Salvador,SLV,2012,30.93397522
El Salvador,SLV,2013,30.75988197
El Salvador,SLV,2014,27.50259018
El Salvador,SLV,2015,26.47473145
El Salvador,SLV,2016,24.73648643
El Salvador,SLV,2017,24.47229195
Equatorial Guinea,GNQ,1990,51.36949921
Equatorial Guinea,GNQ,1995,52.10080719
Equatorial Guinea,GNQ,2000,51.7396698
Equatorial Guinea,GNQ,2005,45.58395386
Equatorial Guinea,GNQ,2010,46.18648529
Equatorial Guinea,GNQ,2011,46.85258865
Equatorial Guinea,GNQ,2012,45.23237228
Equatorial Guinea,GNQ,2013,43.62579346
Equatorial Guinea,GNQ,2014,44.30179977
Equatorial Guinea,GNQ,2015,52.6343689
Equatorial Guinea,GNQ,2016,54.50902939
Equatorial Guinea,GNQ,2017,53.24061966
Eritrea,ERI,1990,46.92133331
Eritrea,ERI,1995,46.34363556
Eritrea,ERI,2000,46.37292862
Eritrea,ERI,2005,47.11026382
Eritrea,ERI,2010,45.22713852
Eritrea,ERI,2011,45.25744629
Eritrea,ERI,2012,46.13384628
Eritrea,ERI,2013,47.62781525
Eritrea,ERI,2014,44.37494659
Eritrea,ERI,2015,49.82891083
Eritrea,ERI,2016,48.67093658
Eritrea,ERI,2017,48.03019714
Estonia,EST,1990,9.051927567
Estonia,EST,1995,8.578045845
Estonia,EST,2000,8.227386475
Estonia,EST,2005,8.457242966
Estonia,EST,2010,8.519848824
Estonia,EST,2011,8.442559242
Estonia,EST,2012,7.810698509
Estonia,EST,2013,7.482813358
Estonia,EST,2014,7.705552578
Estonia,EST,2015,7.003727436
Estonia,EST,2016,6.821447849
Estonia,EST,2017,6.732123852
Eswatini,SWZ,1990,18.83218193
Eswatini,SWZ,1995,18.40686989
Eswatini,SWZ,2000,18.66855049
Eswatini,SWZ,2005,18.30488396
Eswatini,SWZ,2010,18.1281929
Eswatini,SWZ,2011,17.97331238
Eswatini,SWZ,2012,18.18233109
Eswatini,SWZ,2013,18.30780792
Eswatini,SWZ,2014,17.97877693
Eswatini,SWZ,2015,17.9248085
Eswatini,SWZ,2016,17.14854813
Eswatini,SWZ,2017,17.168787
Ethiopia,ETH,1990,35.80075073
Ethiopia,ETH,1995,35.83580399
Ethiopia,ETH,2000,35.53396606
Ethiopia,ETH,2005,34.35100937
Ethiopia,ETH,2010,35.63414383
Ethiopia,ETH,2011,36.31794357
Ethiopia,ETH,2012,35.97384262
Ethiopia,ETH,2013,35.88420486
Ethiopia,ETH,2014,35.04359818
Ethiopia,ETH,2015,38.85860443
Ethiopia,ETH,2016,39.24503708
Ethiopia,ETH,2017,38.97873688
Europe and Central Asia,,1990,21.92867851
Europe and Central Asia,,1995,20.86727333
Europe and Central Asia,,2000,20.33548927
Europe and Central Asia,,2005,20.15384674
Europe and Central Asia,,2010,20.58349037
Europe and Central Asia,,2011,20.57529831
Europe and Central Asia,,2012,19.50065994
Europe and Central Asia,,2013,19.08015442
Europe and Central Asia,,2014,18.39163971
Europe and Central Asia,,2015,19.00069809
Europe and Central Asia,,2016,18.00996017
Europe and Central Asia,,2017,18.08347511
European Union,,1990,18.56616974
European Union,,1995,17.38389206
European Union,,2000,16.64126968
European Union,,2005,16.41883278
European Union,,2010,16.50221443
European Union,,2011,16.63120842
European Union,,2012,15.31009102
European Union,,2013,14.79927921
European Union,,2014,14.25003624
European Union,,2015,14.47106647
European Union,,2016,13.43167591
European Union,,2017,13.4659071
Fiji,FJI,1990,13.06679249
Fiji,FJI,1995,12.95578003
Fiji,FJI,2000,13.13845348
Fiji,FJI,2005,12.90249538
Fiji,FJI,2010,13.53381348
Fiji,FJI,2011,13.83646107
Fiji,FJI,2012,12.85205364
Fiji,FJI,2013,12.14461803
Fiji,FJI,2014,11.92289257
Fiji,FJI,2015,11.64194489
Fiji,FJI,2016,11.05934334
Fiji,FJI,2017,10.84016037
Finland,FIN,1990,7.412718296
Finland,FIN,1995,7.232851505
Finland,FIN,2000,7.093878746
Finland,FIN,2005,7.142454624
Finland,FIN,2010,7.190331459
Finland,FIN,2011,7.283699512
Finland,FIN,2012,6.601133347
Finland,FIN,2013,6.278689384
Finland,FIN,2014,6.468639851
Finland,FIN,2015,6.06383419
Finland,FIN,2016,5.893757343
Finland,FIN,2017,5.861330986
France,FRA,1990,15.84966755
France,FRA,1995,15.2735033
France,FRA,2000,14.72301769
France,FRA,2005,14.70450592
France,FRA,2010,14.84562111
France,FRA,2011,14.87801933
France,FRA,2012,13.83475399
France,FRA,2013,13.59430885
France,FRA,2014,12.28970337
France,FRA,2015,12.74570751
France,FRA,2016,11.85518456
France,FRA,2017,11.81496334
Gabon,GAB,1990,42.91521454
Gabon,GAB,1995,42.84732056
Gabon,GAB,2000,42.58917236
Gabon,GAB,2005,39.97835159
Gabon,GAB,2010,40.27758026
Gabon,GAB,2011,41.13028336
Gabon,GAB,2012,40.81409073
Gabon,GAB,2013,40.72566223
Gabon,GAB,2014,41.31956863
Gabon,GAB,2015,44.09590149
Gabon,GAB,2016,43.72065353
Gabon,GAB,2017,44.38554764
Gambia,GMB,1990,35.29382324
Gambia,GMB,1995,34.77638245
Gambia,GMB,2000,34.60087967
Gambia,GMB,2005,30.28366852
Gambia,GMB,2010,30.20126343
Gambia,GMB,2011,29.2649231
Gambia,GMB,2012,30.72906494
Gambia,GMB,2013,29.80467224
Gambia,GMB,2014,30.62189484
Gambia,GMB,2015,36.30538177
Gambia,GMB,2016,32.61530304
Gambia,GMB,2017,33.98263931
Georgia,GEO,1990,26.52648544
Georgia,GEO,1995,25.27307129
Georgia,GEO,2000,25.2738018
Georgia,GEO,2005,25.6272831
Georgia,GEO,2010,26.10123825
Georgia,GEO,2011,26.78360367
Georgia,GEO,2012,25.00284958
Georgia,GEO,2013,23.91020393
Georgia,GEO,2014,22.96670723
Georgia,GEO,2015,24.25264549
Georgia,GEO,2016,21.82963562
Georgia,GEO,2017,22.19605446
Germany,DEU,1990,17.01652336
Germany,DEU,1995,15.62537003
Germany,DEU,2000,14.90393448
Germany,DEU,2005,14.5352087
Germany,DEU,2010,15.18949509
Germany,DEU,2011,14.66422844
Germany,DEU,2012,13.57764244
Germany,DEU,2013,13.19191933
Germany,DEU,2014,12.7512207
Germany,DEU,2015,12.82609749
Germany,DEU,2016,11.9378109
Germany,DEU,2017,12.02876759
Ghana,GHA,1990,35.59497833
Ghana,GHA,1995,34.759655
Ghana,GHA,2000,35.03722382
Ghana,GHA,2005,26.80667305
Ghana,GHA,2010,27.36828423
Ghana,GHA,2011,28.21169853
Ghana,GHA,2012,28.89742661
Ghana,GHA,2013,27.81534004
Ghana,GHA,2014,25.88952255
Ghana,GHA,2015,34.68190002
Ghana,GHA,2016,36.25265503
Ghana,GHA,2017,34.71351242
Greece,GRC,1990,20.64296913
Greece,GRC,1995,19.82827377
Greece,GRC,2000,19.91860771
Greece,GRC,2005,19.30810356
Greece,GRC,2010,19.06108856
Greece,GRC,2011,20.00154114
Greece,GRC,2012,18.42076874
Greece,GRC,2013,17.77941704
Greece,GRC,2014,17.36504173
Greece,GRC,2015,17.74055672
Greece,GRC,2016,16.32892036
Greece,GRC,2017,16.21826553
Greenland,GRL,1990,15.07685089
Greenland,GRL,1995,15.15751934
Greenland,GRL,2000,13.95706272
Greenland,GRL,2005,13.7689333
Greenland,GRL,2010,13.92232418
Greenland,GRL,2011,14.0966053
Greenland,GRL,2012,13.4066906
Greenland,GRL,2013,12.75796795
Greenland,GRL,2014,12.51054764
Greenland,GRL,2015,11.76203918
Greenland,GRL,2016,11.572505
Greenland,GRL,2017,11.60217953
Grenada,GRD,1990,27.73305702
Grenada,GRD,1995,27.73430634
Grenada,GRD,2000,27.48290062
Grenada,GRD,2005,27.77715492
Grenada,GRD,2010,27.47290802
Grenada,GRD,2011,28.13951492
Grenada,GRD,2012,26.46891785
Grenada,GRD,2013,25.84730721
Grenada,GRD,2014,24.28703117
Grenada,GRD,2015,24.16278267
Grenada,GRD,2016,22.88869095
Grenada,GRD,2017,22.72268677
Guam,GUM,1990,11.81600952
Guam,GUM,1995,11.81291771
Guam,GUM,2000,14.31416225
Guam,GUM,2005,13.80854321
Guam,GUM,2010,13.88834095
Guam,GUM,2011,14.10353279
Guam,GUM,2012,13.24230194
Guam,GUM,2013,12.78879452
Guam,GUM,2014,12.02255249
Guam,GUM,2015,12.5317831
Guam,GUM,2016,11.65176773
Guam,GUM,2017,11.63440704
Guatemala,GTM,1990,29.51331902
Guatemala,GTM,1995,30.16835213
Guatemala,GTM,2000,31.06172752
Guatemala,GTM,2005,31.46465302
Guatemala,GTM,2010,29.98258972
Guatemala,GTM,2011,31.72733116
Guatemala,GTM,2012,29.88625908
Guatemala,GTM,2013,30.05682373
Guatemala,GTM,2014,26.52785492
Guatemala,GTM,2015,25.0727253
Guatemala,GTM,2016,23.79782867
Guatemala,GTM,2017,24.07064819
Guinea,GIN,1990,24.69337273
Guinea,GIN,1995,24.18143272
Guinea,GIN,2000,24.03487396
Guinea,GIN,2005,22.44512558
Guinea,GIN,2010,21.97102737
Guinea,GIN,2011,22.44536018
Guinea,GIN,2012,22.98996544
Guinea,GIN,2013,21.25856209
Guinea,GIN,2014,21.19667244
Guinea,GIN,2015,26.94288445
Guinea,GIN,2016,24.77771378
Guinea,GIN,2017,26.06249046
Guinea-Bissau,GNB,1990,30.58919334
Guinea-Bissau,GNB,1995,30.47041893
Guinea-Bissau,GNB,2000,30.45688438
Guinea-Bissau,GNB,2005,26.84057045
Guinea-Bissau,GNB,2010,26.83635902
Guinea-Bissau,GNB,2011,27.38944054
Guinea-Bissau,GNB,2012,27.09021759
Guinea-Bissau,GNB,2013,26.52420807
Guinea-Bissau,GNB,2014,26.94095993
Guinea-Bissau,GNB,2015,31.79127121
Guinea-Bissau,GNB,2016,29.58586693
Guinea-Bissau,GNB,2017,29.77470207
Guyana,GUY,1990,24.94626236
Guyana,GUY,1995,24.43404198
Guyana,GUY,2000,27.39095306
Guyana,GUY,2005,27.77781105
Guyana,GUY,2010,27.31186485
Guyana,GUY,2011,27.92942429
Guyana,GUY,2012,26.90129852
Guyana,GUY,2013,24.85550308
Guyana,GUY,2014,23.64826584
Guyana,GUY,2015,23.88788223
Guyana,GUY,2016,22.37149811
Guyana,GUY,2017,22.37557411
Haiti,HTI,1990,17.30372238
Haiti,HTI,1995,18.26293945
Haiti,HTI,2000,17.77979088
Haiti,HTI,2005,17.46177292
Haiti,HTI,2010,17.79524231
Haiti,HTI,2011,18.7579174
Haiti,HTI,2012,17.48024559
Haiti,HTI,2013,16.76701164
Haiti,HTI,2014,16.2622242
Haiti,HTI,2015,15.54027748
Haiti,HTI,2016,15.086483
Haiti,HTI,2017,15.01982403
High income,,1990,16.64274979
High income,,1995,16.22859192
High income,,2000,16.20960236
High income,,2005,16.32572174
High income,,2010,16.67738152
High income,,2011,16.96734047
High income,,2012,16.08774948
High income,,2013,15.88772774
High income,,2014,14.99380684
High income,,2015,15.82573795
High income,,2016,14.52824974
High income,,2017,14.69331646
Honduras,HND,1990,27.11257172
Honduras,HND,1995,27.80802536
Honduras,HND,2000,27.57162476
Honduras,HND,2005,28.0795517
Honduras,HND,2010,26.88295174
Honduras,HND,2011,28.9007473
Honduras,HND,2012,27.44714928
Honduras,HND,2013,27.68413544
Honduras,HND,2014,23.16154099
Honduras,HND,2015,22.40619659
Honduras,HND,2016,21.08695984
Honduras,HND,2017,20.62885094
Hungary,HUN,1990,21.83986092
Hungary,HUN,1995,20.01744652
Hungary,HUN,2000,18.98184967
Hungary,HUN,2005,19.46655083
Hungary,HUN,2010,19.13552475
Hungary,HUN,2011,19.36068916
Hungary,HUN,2012,17.52996063
Hungary,HUN,2013,17.2318306
Hungary,HUN,2014,16.3153286
Hungary,HUN,2015,17.23213005
Hungary,HUN,2016,15.88535023
Hungary,HUN,2017,15.92604828
Iceland,ISL,1990,8.430090904
Iceland,ISL,1995,8.171578407
Iceland,ISL,2000,7.954558372
Iceland,ISL,2005,7.842946529
Iceland,ISL,2010,7.856536865
Iceland,ISL,2011,8.098884583
Iceland,ISL,2012,7.336929321
Iceland,ISL,2013,7.171206951
Iceland,ISL,2014,6.948896408
Iceland,ISL,2015,6.927968979
Iceland,ISL,2016,6.607654095
Iceland,ISL,2017,6.481147289
India,IND,1990,81.29063416
India,IND,1995,82.77130127
India,IND,2000,84.16480255
India,IND,2005,90.32646179
India,IND,2010,95.75817871
India,IND,2011,97.59938049
India,IND,2012,88.16944122
India,IND,2013,91.80479431
India,IND,2014,89.62238312
India,IND,2015,89.3033371
India,IND,2016,89.67218018
India,IND,2017,90.87320709
Indonesia,IDN,1990,18.05281067
Indonesia,IDN,1995,18.16476631
Indonesia,IDN,2000,17.87738991
Indonesia,IDN,2005,18.92663765
Indonesia,IDN,2010,18.16928101
Indonesia,IDN,2011,18.0496521
Indonesia,IDN,2012,18.17016983
Indonesia,IDN,2013,16.87918091
Indonesia,IDN,2014,16.45463181
Indonesia,IDN,2015,16.64027977
Indonesia,IDN,2016,16.38415337
Indonesia,IDN,2017,16.50265312
Iran,IRN,1990,38.0717392
Iran,IRN,1995,37.72776413
Iran,IRN,2000,38.41777802
Iran,IRN,2005,37.62776566
Iran,IRN,2010,38.6515007
Iran,IRN,2011,38.04969025
Iran,IRN,2012,38.54205322
Iran,IRN,2013,38.10109329
Iran,IRN,2014,38.10949326
Iran,IRN,2015,39.61053085
Iran,IRN,2016,38.84130096
Iran,IRN,2017,38.97875977
Iraq,IRQ,1990,63.71657181
Iraq,IRQ,1995,63.26491928
Iraq,IRQ,2000,62.45795822
Iraq,IRQ,2005,62.85178757
Iraq,IRQ,2010,68.71140289
Iraq,IRQ,2011,66.36260986
Iraq,IRQ,2012,66.84207916
Iraq,IRQ,2013,63.80269623
Iraq,IRQ,2014,56.56703186
Iraq,IRQ,2015,66.26503754
Iraq,IRQ,2016,63.95479584
Iraq,IRQ,2017,61.63623428
Ireland,IRL,1990,10.40502739
Ireland,IRL,1995,10.14926052
Ireland,IRL,2000,10.13777637
Ireland,IRL,2005,9.922228813
Ireland,IRL,2010,9.976374626
Ireland,IRL,2011,10.285079
Ireland,IRL,2012,9.522691727
Ireland,IRL,2013,9.360153198
Ireland,IRL,2014,8.75052166
Ireland,IRL,2015,8.672473907
Ireland,IRL,2016,8.279163361
Ireland,IRL,2017,8.208577156
Israel,ISR,1990,24.8105278
Israel,ISR,1995,24.31730652
Israel,ISR,2000,24.50362396
Israel,ISR,2005,22.98279381
Israel,ISR,2010,24.01923752
Israel,ISR,2011,23.90468597
Israel,ISR,2012,23.03884888
Israel,ISR,2013,22.94633102
Israel,ISR,2014,22.05914688
Israel,ISR,2015,22.77978325
Israel,ISR,2016,20.76570129
Israel,ISR,2017,21.38110161
Italy,ITA,1990,21.31972885
Italy,ITA,1995,20.27006912
Italy,ITA,2000,19.77733421
Italy,ITA,2005,19.60087776
Italy,ITA,2010,19.02523041
Italy,ITA,2011,19.99426651
Italy,ITA,2012,18.1052475
Italy,ITA,2013,17.75772285
Italy,ITA,2014,17.76926994
Italy,ITA,2015,17.89144516
Italy,ITA,2016,16.49037361
Italy,ITA,2017,16.75071144
Jamaica,JAM,1990,15.9538641
Jamaica,JAM,1995,15.91905308
Jamaica,JAM,2000,15.89381599
Jamaica,JAM,2005,16.00963211
Jamaica,JAM,2010,16.09171486
Jamaica,JAM,2011,16.54249954
Jamaica,JAM,2012,15.46047115
Jamaica,JAM,2013,14.93139935
Jamaica,JAM,2014,14.07433128
Jamaica,JAM,2015,14.17665958
Jamaica,JAM,2016,13.39596367
Jamaica,JAM,2017,13.40415096
Japan,JPN,1990,14.4163599
Japan,JPN,1995,14.31252384
Japan,JPN,2000,14.2096262
Japan,JPN,2005,14.34866619
Japan,JPN,2010,14.1423378
Japan,JPN,2011,14.14103127
Japan,JPN,2012,13.12887192
Japan,JPN,2013,13.36255836
Japan,JPN,2014,12.58661652
Japan,JPN,2015,12.68745995
Japan,JPN,2016,11.62392235
Japan,JPN,2017,11.70477772
Jordan,JOR,1990,35.34311676
Jordan,JOR,1995,34.60586166
Jordan,JOR,2000,33.51144409
Jordan,JOR,2005,32.48283768
Jordan,JOR,2010,33.55056763
Jordan,JOR,2011,33.01726151
Jordan,JOR,2012,33.01693344
Jordan,JOR,2013,33.41761017
Jordan,JOR,2014,33.20542145
Jordan,JOR,2015,34.30545044
Jordan,JOR,2016,33.17661667
Jordan,JOR,2017,33.00608063
Kazakhstan,KAZ,1990,16.87025261
Kazakhstan,KAZ,1995,15.73268795
Kazakhstan,KAZ,2000,15.94476509
Kazakhstan,KAZ,2005,15.6186409
Kazakhstan,KAZ,2010,15.91449356
Kazakhstan,KAZ,2011,15.24383545
Kazakhstan,KAZ,2012,14.48103809
Kazakhstan,KAZ,2013,14.59856415
Kazakhstan,KAZ,2014,13.74975395
Kazakhstan,KAZ,2015,14.38480186
Kazakhstan,KAZ,2016,13.08443832
Kazakhstan,KAZ,2017,13.82428837
Kenya,KEN,1990,28.54755211
Kenya,KEN,1995,28.52077866
Kenya,KEN,2000,28.38549805
Kenya,KEN,2005,27.47729874
Kenya,KEN,2010,28.1547699
Kenya,KEN,2011,28.66288376
Kenya,KEN,2012,29.37228012
Kenya,KEN,2013,28.9353447
Kenya,KEN,2014,28.94935036
Kenya,KEN,2015,28.53627968
Kenya,KEN,2016,28.58337784
Kenya,KEN,2017,28.57837486
Kiribati,KIR,1990,13.11509132
Kiribati,KIR,1995,13.42802048
Kiribati,KIR,2000,13.52196503
Kiribati,KIR,2005,13.34558868
Kiribati,KIR,2010,13.1750412
Kiribati,KIR,2011,13.3581543
Kiribati,KIR,2012,12.59423161
Kiribati,KIR,2013,12.32529736
Kiribati,KIR,2014,11.39374256
Kiribati,KIR,2015,11.51431847
Kiribati,KIR,2016,10.53783894
Kiribati,KIR,2017,10.64085579
Kuwait,KWT,1990,60.55584717
Kuwait,KWT,1995,60.05729675
Kuwait,KWT,2000,61.48199463
Kuwait,KWT,2005,59.67398834
Kuwait,KWT,2010,62.74398041
Kuwait,KWT,2011,62.82540512
Kuwait,KWT,2012,64.07090759
Kuwait,KWT,2013,62.61130905
Kuwait,KWT,2014,55.62390518
Kuwait,KWT,2015,65.40607452
Kuwait,KWT,2016,60.843853
Kuwait,KWT,2017,60.74515915
Kyrgyzstan,KGZ,1990,26.15659904
Kyrgyzstan,KGZ,1995,25.43575859
Kyrgyzstan,KGZ,2000,27.08021927
Kyrgyzstan,KGZ,2005,26.77744102
Kyrgyzstan,KGZ,2010,27.26538658
Kyrgyzstan,KGZ,2011,27.51760292
Kyrgyzstan,KGZ,2012,25.48983192
Kyrgyzstan,KGZ,2013,25.4403553
Kyrgyzstan,KGZ,2014,23.29819107
Kyrgyzstan,KGZ,2015,24.3447361
Kyrgyzstan,KGZ,2016,23.19555664
Kyrgyzstan,KGZ,2017,22.73776817
Laos,LAO,1990,26.53629875
Laos,LAO,1995,27.09515953
Laos,LAO,2000,27.54506683
Laos,LAO,2005,30.17020988
Laos,LAO,2010,31.73199654
Laos,LAO,2011,29.66966057
Laos,LAO,2012,30.29741859
Laos,LAO,2013,30.25948906
Laos,LAO,2014,28.39017105
Laos,LAO,2015,26.13948822
Laos,LAO,2016,25.80101776
Laos,LAO,2017,25.10953903
Latin America and Caribbean,,1990,19.6086731
Latin America and Caribbean,,1995,19.98360634
Latin America and Caribbean,,2000,20.80459213
Latin America and Caribbean,,2005,21.06966209
Latin America and Caribbean,,2010,21.05366325
Latin America and Caribbean,,2011,21.50909996
Latin America and Caribbean,,2012,20.44059753
Latin America and Caribbean,,2013,19.76987648
Latin America and Caribbean,,2014,18.39178848
Latin America and Caribbean,,2015,17.75361443
Latin America and Caribbean,,2016,16.69979858
Latin America and Caribbean,,2017,16.70843506
Latvia,LVA,1990,19.02341843
Latvia,LVA,1995,17.31863022
Latvia,LVA,2000,16.71996689
Latvia,LVA,2005,16.85589409
Latvia,LVA,2010,17.11506462
Latvia,LVA,2011,16.5726757
Latvia,LVA,2012,15.59855938
Latvia,LVA,2013,14.88430786
Latvia,LVA,2014,14.87908554
Latvia,LVA,2015,13.96820164
Latvia,LVA,2016,13.44747162
Latvia,LVA,2017,13.42645741
Lebanon,LBN,1990,30.34220314
Lebanon,LBN,1995,29.84509277
Lebanon,LBN,2000,30.61420631
Lebanon,LBN,2005,30.02476883
Lebanon,LBN,2010,30.89212418
Lebanon,LBN,2011,30.06910706
Lebanon,LBN,2012,30.1080513
Lebanon,LBN,2013,30.58809853
Lebanon,LBN,2014,30.44456673
Lebanon,LBN,2015,31.22929573
Lebanon,LBN,2016,30.17186928
Lebanon,LBN,2017,30.62111092
Lesotho,LSO,1990,30.70374298
Lesotho,LSO,1995,31.66103363
Lesotho,LSO,2000,31.49014664
Lesotho,LSO,2005,30.09892273
Lesotho,LSO,2010,32.24059677
Lesotho,LSO,2011,31.35474205
Lesotho,LSO,2012,31.21324348
Lesotho,LSO,2013,32.1486969
Lesotho,LSO,2014,33.08010101
Lesotho,LSO,2015,30.88497734
Lesotho,LSO,2016,28.33683395
Lesotho,LSO,2017,28.0286541
Liberia,LBR,1990,17.12342834
Liberia,LBR,1995,17.17619514
Liberia,LBR,2000,17.25314331
Liberia,LBR,2005,16.02440643
Liberia,LBR,2010,15.24919701
Liberia,LBR,2011,16.14705086
Liberia,LBR,2012,16.28820801
Liberia,LBR,2013,15.38285732
Liberia,LBR,2014,14.94227028
Liberia,LBR,2015,18.21280479
Liberia,LBR,2016,17.88677788
Liberia,LBR,2017,17.98411179
Libya,LBY,1990,45.06348801
Libya,LBY,1995,46.7110405
Libya,LBY,2000,46.25517273
Libya,LBY,2005,47.12619019
Libya,LBY,2010,50.14722824
Libya,LBY,2011,44.63173294
Libya,LBY,2012,44.91136169
Libya,LBY,2013,49.2794838
Libya,LBY,2014,47.50123215
Libya,LBY,2015,51.53263855
Libya,LBY,2016,52.12920761
Libya,LBY,2017,54.25468063
Lithuania,LTU,1990,16.39810181
Lithuania,LTU,1995,15.00076103
Lithuania,LTU,2000,14.42813206
Lithuania,LTU,2005,14.46207047
Lithuania,LTU,2010,14.97106457
Lithuania,LTU,2011,14.50968266
Lithuania,LTU,2012,13.78452492
Lithuania,LTU,2013,12.98119164
Lithuania,LTU,2014,12.84519386
Lithuania,LTU,2015,12.45503521
Lithuania,LTU,2016,11.82161522
Lithuania,LTU,2017,11.85328197
Low and middle income,,1990,50.81916428
Low and middle income,,1995,51.36944199
Low and middle income,,2000,52.37570953
Low and middle income,,2005,55.06820297
Low and middle income,,2010,57.09500504
Low and middle income,,2011,57.60694122
Low and middle income,,2012,53.85024261
Low and middle income,,2013,54.35286713
Low and middle income,,2014,52.08589935
Low and middle income,,2015,53.42578888
Low and middle income,,2016,51.14860916
Low and middle income,,2017,51.5125885
Low income,,1990,42.22258759
Low income,,1995,42.53187561
Low income,,2000,42.080616
Low income,,2005,40.48748016
Low income,,2010,40.19754028
Low income,,2011,41.12166977
Low income,,2012,41.44766617
Low income,,2013,40.4066925
Low income,,2014,39.38425446
Low income,,2015,44.27626038
Low income,,2016,43.01846313
Low income,,2017,43.3057251
Lower middle income,,1990,59.04238892
Lower middle income,,1995,59.51216888
Lower middle income,,2000,60.25856781
Lower middle income,,2005,63.13447952
Lower middle income,,2010,65.55458832
Lower middle income,,2011,65.9817276
Lower middle income,,2012,61.76705933
Lower middle income,,2013,62.39400864
Lower middle income,,2014,61.11412048
Lower middle income,,2015,63.06246567
Lower middle income,,2016,62.17260361
Lower middle income,,2017,62.62095261
Luxembourg,LUX,1990,13.69446182
Luxembourg,LUX,1995,12.94762611
Luxembourg,LUX,2000,12.56956673
Luxembourg,LUX,2005,12.35553551
Luxembourg,LUX,2010,12.9587841
Luxembourg,LUX,2011,12.68599606
Luxembourg,LUX,2012,11.77557564
Luxembourg,LUX,2013,11.60538387
Luxembourg,LUX,2014,10.85761356
Luxembourg,LUX,2015,11.00665474
Luxembourg,LUX,2016,10.3119812
Luxembourg,LUX,2017,10.36463737
Madagascar,MDG,1990,22.27355957
Madagascar,MDG,1995,22.29494858
Madagascar,MDG,2000,21.87240028
Madagascar,MDG,2005,23.29406357
Madagascar,MDG,2010,22.66201019
Madagascar,MDG,2011,23.36285973
Madagascar,MDG,2012,22.71642494
Madagascar,MDG,2013,23.90916252
Madagascar,MDG,2014,23.51776695
Madagascar,MDG,2015,22.95040131
Madagascar,MDG,2016,22.89570808
Madagascar,MDG,2017,22.5422821
Malawi,MWI,1990,26.46902847
Malawi,MWI,1995,26.38950539
Malawi,MWI,2000,26.14208603
Malawi,MWI,2005,25.62740517
Malawi,MWI,2010,25.69619751
Malawi,MWI,2011,25.16500854
Malawi,MWI,2012,25.73840141
Malawi,MWI,2013,24.68347931
Malawi,MWI,2014,25.19822884
Malawi,MWI,2015,24.53742981
Malawi,MWI,2016,23.09261513
Malawi,MWI,2017,23.56592178
Malaysia,MYS,1990,17.29444885
Malaysia,MYS,1995,17.68253136
Malaysia,MYS,2000,18.07616997
Malaysia,MYS,2005,19.37781143
Malaysia,MYS,2010,18.59375381
Malaysia,MYS,2011,19.20260811
Malaysia,MYS,2012,19.18222237
Malaysia,MYS,2013,17.55444717
Malaysia,MYS,2014,16.92315483
Malaysia,MYS,2015,17.44091034
Malaysia,MYS,2016,15.75128651
Malaysia,MYS,2017,16.03580856
Maldives,MDV,1990,11.4329195
Maldives,MDV,1995,11.5093956
Maldives,MDV,2000,11.08953285
Maldives,MDV,2005,11.435359
Maldives,MDV,2010,11.30982971
Maldives,MDV,2011,11.7896347
Maldives,MDV,2012,11.15748215
Maldives,MDV,2013,10.56967926
Maldives,MDV,2014,9.92123127
Maldives,MDV,2015,9.373944283
Maldives,MDV,2016,7.972428799
Maldives,MDV,2017,7.795820713
Mali,MLI,1990,41.52876663
Mali,MLI,1995,40.57247925
Mali,MLI,2000,39.80005646
Mali,MLI,2005,37.84408188
Mali,MLI,2010,36.3976593
Mali,MLI,2011,35.14164352
Mali,MLI,2012,34.70022583
Mali,MLI,2013,32.30682373
Mali,MLI,2014,33.91611481
Mali,MLI,2015,41.92692947
Mali,MLI,2016,38.48039627
Mali,MLI,2017,38.52660751
Malta,MLT,1990,16.85486984
Malta,MLT,1995,16.66174507
Malta,MLT,2000,16.53494644
Malta,MLT,2005,16.10447884
Malta,MLT,2010,16.44939995
Malta,MLT,2011,16.64430428
Malta,MLT,2012,15.39716053
Malta,MLT,2013,15.28194427
Malta,MLT,2014,14.43540382
Malta,MLT,2015,14.72246265
Malta,MLT,2016,13.81139469
Malta,MLT,2017,13.90954304
Marshall Islands,MHL,1990,13.06359482
Marshall Islands,MHL,1995,13.33839989
Marshall Islands,MHL,2000,13.04341221
Marshall Islands,MHL,2005,12.92691994
Marshall Islands,MHL,2010,12.94670868
Marshall Islands,MHL,2011,12.93217087
Marshall Islands,MHL,2012,12.12353325
Marshall Islands,MHL,2013,11.87438869
Marshall Islands,MHL,2014,11.07021999
Marshall Islands,MHL,2015,10.83766842
Marshall Islands,MHL,2016,10.15200233
Marshall Islands,MHL,2017,10.24133205
Mauritania,MRT,1990,50.06832123
Mauritania,MRT,1995,48.41496277
Mauritania,MRT,2000,48.86025238
Mauritania,MRT,2005,41.87260056
Mauritania,MRT,2010,39.63741302
Mauritania,MRT,2011,40.04314423
Mauritania,MRT,2012,42.34351349
Mauritania,MRT,2013,40.21578979
Mauritania,MRT,2014,43.11078262
Mauritania,MRT,2015,49.49825668
Mauritania,MRT,2016,46.66758728
Mauritania,MRT,2017,47.42299271
Mauritius,MUS,1990,15.77293015
Mauritius,MUS,1995,15.7565794
Mauritius,MUS,2000,15.39803791
Mauritius,MUS,2005,15.53724957
Mauritius,MUS,2010,15.19477272
Mauritius,MUS,2011,15.20170212
Mauritius,MUS,2012,15.24585629
Mauritius,MUS,2013,15.55617619
Mauritius,MUS,2014,15.29264832
Mauritius,MUS,2015,14.44195557
Mauritius,MUS,2016,14.34637928
Mauritius,MUS,2017,14.45782757
Mexico,MEX,1990,23.51655769
Mexico,MEX,1995,24.13661003
Mexico,MEX,2000,26.77918243
Mexico,MEX,2005,26.86289978
Mexico,MEX,2010,26.36543846
Mexico,MEX,2011,27.74129677
Mexico,MEX,2012,25.98165894
Mexico,MEX,2013,25.44908905
Mexico,MEX,2014,23.09968948
Mexico,MEX,2015,22.13299561
Mexico,MEX,2016,20.70682907
Mexico,MEX,2017,20.92111588
Micronesia (country),FSM,1990,14.01098251
Micronesia (country),FSM,1995,14.07006264
Micronesia (country),FSM,2000,14.12448406
Micronesia (country),FSM,2005,14.00630093
Micronesia (country),FSM,2010,13.74924564
Micronesia (country),FSM,2011,13.73165226
Micronesia (country),FSM,2012,12.97443867
Micronesia (country),FSM,2013,12.74251556
Micronesia (country),FSM,2014,11.86686897
Micronesia (country),FSM,2015,11.72598457
Micronesia (country),FSM,2016,11.13451099
Micronesia (country),FSM,2017,11.28339958
Middle East and North Africa,,1990,50.21142578
Middle East and North Africa,,1995,49.45882797
Middle East and North Africa,,2000,50.41402817
Middle East and North Africa,,2005,49.8241272
Middle East and North Africa,,2010,51.81085968
Middle East and North Africa,,2011,50.26054764
Middle East and North Africa,,2012,51.06016159
Middle East and North Africa,,2013,51.94044113
Middle East and North Africa,,2014,50.52293015
Middle East and North Africa,,2015,57.01834106
Middle East and North Africa,,2016,55.80675125
Middle East and North Africa,,2017,55.66796494
Middle income,,1990,51.45010376
Middle income,,1995,52.06183243
Middle income,,2000,53.23707199
Middle income,,2005,56.39054108
Middle income,,2010,58.75699234
Middle income,,2011,59.25194931
Middle income,,2012,55.10479355
Middle income,,2013,55.782444
Middle income,,2014,53.40554428
Middle income,,2015,54.38965988
Middle income,,2016,52.01735306
Middle income,,2017,52.40227127
Moldova,MDA,1990,22.84505272
Moldova,MDA,1995,20.89016151
Moldova,MDA,2000,19.58110046
Moldova,MDA,2005,19.14452171
Moldova,MDA,2010,19.11610413
Moldova,MDA,2011,19.92486763
Moldova,MDA,2012,18.40928459
Moldova,MDA,2013,17.43239975
Moldova,MDA,2014,16.72646141
Moldova,MDA,2015,17.07913971
Moldova,MDA,2016,16.36379814
Moldova,MDA,2017,16.25103188
Mongolia,MNG,1990,37.91553879
Mongolia,MNG,1995,36.83717728
Mongolia,MNG,2000,39.03252792
Mongolia,MNG,2005,39.7264061
Mongolia,MNG,2010,43.30465317
Mongolia,MNG,2011,45.36016846
Mongolia,MNG,2012,42.65437317
Mongolia,MNG,2013,42.32131195
Mongolia,MNG,2014,39.29513931
Mongolia,MNG,2015,42.51464844
Mongolia,MNG,2016,38.22281647
Mongolia,MNG,2017,40.11285019
Montenegro,MNE,1990,28.59908867
Montenegro,MNE,1995,27.80047607
Montenegro,MNE,2000,26.0012455
Montenegro,MNE,2005,25.56279182
Montenegro,MNE,2010,25.05540657
Montenegro,MNE,2011,26.62922478
Montenegro,MNE,2012,24.68030357
Montenegro,MNE,2013,23.27422523
Montenegro,MNE,2014,21.947052
Montenegro,MNE,2015,22.55969048
Montenegro,MNE,2016,20.92405128
Montenegro,MNE,2017,20.78181267
Morocco,MAR,1990,30.25549126
Morocco,MAR,1995,30.42096519
Morocco,MAR,2000,30.96744919
Morocco,MAR,2005,30.96781349
Morocco,MAR,2010,29.64896011
Morocco,MAR,2011,29.26656342
Morocco,MAR,2012,27.7902832
Morocco,MAR,2013,29.25951958
Morocco,MAR,2014,29.94944954
Morocco,MAR,2015,31.44008636
Morocco,MAR,2016,32.93537521
Morocco,MAR,2017,32.59354019
Mozambique,MOZ,1990,23.38285828
Mozambique,MOZ,1995,22.79658127
Mozambique,MOZ,2000,22.68627167
Mozambique,MOZ,2005,22.6632309
Mozambique,MOZ,2010,23.56146812
Mozambique,MOZ,2011,22.60907173
Mozambique,MOZ,2012,22.86760139
Mozambique,MOZ,2013,22.6361599
Mozambique,MOZ,2014,22.61416435
Mozambique,MOZ,2015,21.90588188
Mozambique,MOZ,2016,21.47182465
Mozambique,MOZ,2017,21.29869461
Myanmar,MMR,1990,39.80947495
Myanmar,MMR,1995,40.76525497
Myanmar,MMR,2000,39.36165237
Myanmar,MMR,2005,43.32145309
Myanmar,MMR,2010,44.0561142
Myanmar,MMR,2011,43.61990356
Myanmar,MMR,2012,42.52281189
Myanmar,MMR,2013,42.88286972
Myanmar,MMR,2014,40.28896713
Myanmar,MMR,2015,38.5137825
Myanmar,MMR,2016,36.03370285
Myanmar,MMR,2017,35.55745316
Namibia,NAM,1990,28.74979019
Namibia,NAM,1995,27.49759674
Namibia,NAM,2000,27.43381882
Namibia,NAM,2005,27.61976051
Namibia,NAM,2010,27.65989685
Namibia,NAM,2011,27.01015472
Namibia,NAM,2012,26.79870796
Namibia,NAM,2013,27.0928154
Namibia,NAM,2014,26.01812172
Namibia,NAM,2015,26.91001701
Namibia,NAM,2016,25.55214119
Namibia,NAM,2017,25.35876465
Nepal,NPL,1990,87.59845734
Nepal,NPL,1995,90.68716431
Nepal,NPL,2000,88.94302368
Nepal,NPL,2005,93.21824646
Nepal,NPL,2010,100.7844315
Nepal,NPL,2011,100.7660599
Nepal,NPL,2012,96.96329498
Nepal,NPL,2013,95.31398773
Nepal,NPL,2014,98.1160202
Nepal,NPL,2015,96.25276947
Nepal,NPL,2016,98.05471039
Nepal,NPL,2017,99.734375
Netherlands,NLD,1990,16.46940231
Netherlands,NLD,1995,15.5616951
Netherlands,NLD,2000,14.92868042
Netherlands,NLD,2005,14.57801819
Netherlands,NLD,2010,15.23243046
Netherlands,NLD,2011,14.9881382
Netherlands,NLD,2012,13.81241417
Netherlands,NLD,2013,13.04314518
Netherlands,NLD,2014,12.82879734
Netherlands,NLD,2015,12.93210506
Netherlands,NLD,2016,12.02524281
Netherlands,NLD,2017,12.03440762
New Zealand,NZL,1990,7.143831253
New Zealand,NZL,1995,7.204397202
New Zealand,NZL,2000,7.162288666
New Zealand,NZL,2005,7.03708744
New Zealand,NZL,2010,7.152865887
New Zealand,NZL,2011,7.420696259
New Zealand,NZL,2012,6.835835457
New Zealand,NZL,2013,6.781885624
New Zealand,NZL,2014,6.357903481
New Zealand,NZL,2015,6.330433846
New Zealand,NZL,2016,5.987363338
New Zealand,NZL,2017,5.956001282
Nicaragua,NIC,1990,22.6001606
Nicaragua,NIC,1995,22.3479023
Nicaragua,NIC,2000,23.05340767
Nicaragua,NIC,2005,23.02943611
Nicaragua,NIC,2010,22.49226952
Nicaragua,NIC,2011,22.4795208
Nicaragua,NIC,2012,22.35271072
Nicaragua,NIC,2013,21.92907524
Nicaragua,NIC,2014,19.38772202
Nicaragua,NIC,2015,18.56913185
Nicaragua,NIC,2016,17.7277298
Nicaragua,NIC,2017,17.61417961
Niger,NER,1990,90.59636688
Niger,NER,1995,88.63159943
Niger,NER,2000,87.50675964
Niger,NER,2005,73.43849182
Niger,NER,2010,69.150177
Niger,NER,2011,72.9827652
Niger,NER,2012,72.54464722
Niger,NER,2013,63.03171539
Niger,NER,2014,60.54135895
Niger,NER,2015,87.28128052
Niger,NER,2016,87.70847321
Niger,NER,2017,94.05381775
Nigeria,NGA,1990,72.1255722
Nigeria,NGA,1995,68.71003723
Nigeria,NGA,2000,67.55432892
Nigeria,NGA,2005,59.65813828
Nigeria,NGA,2010,52.60906219
Nigeria,NGA,2011,50.97309113
Nigeria,NGA,2012,56.12963867
Nigeria,NGA,2013,49.74068832
Nigeria,NGA,2014,48.63337326
Nigeria,NGA,2015,75.39899445
Nigeria,NGA,2016,71.36959839
Nigeria,NGA,2017,71.798172
North America,,1990,9.55477047
North America,,1995,9.421870232
North America,,2000,9.404172897
North America,,2005,9.501231194
North America,,2010,9.263171196
North America,,2011,9.630811691
North America,,2012,8.914901733
North America,,2013,8.641442299
North America,,2014,8.142225266
North America,,2015,7.973349571
North America,,2016,7.32104826
North America,,2017,7.311074734
North Korea,PRK,1990,38.45306396
North Korea,PRK,1995,38.35749054
North Korea,PRK,2000,38.16205597
North Korea,PRK,2005,39.09471512
North Korea,PRK,2010,39.34265518
North Korea,PRK,2011,38.89336777
North Korea,PRK,2012,36.40751266
North Korea,PRK,2013,37.13485718
North Korea,PRK,2014,35.2402153
North Korea,PRK,2015,37.41178513
North Korea,PRK,2016,31.75842476
North Korea,PRK,2017,32.0074501
North Macedonia,MKD,1990,41.87047577
North Macedonia,MKD,1995,39.93756104
North Macedonia,MKD,2000,36.39821625
North Macedonia,MKD,2005,35.6330452
North Macedonia,MKD,2010,34.45697021
North Macedonia,MKD,2011,38.08311844
North Macedonia,MKD,2012,34.65781403
North Macedonia,MKD,2013,32.01504898
North Macedonia,MKD,2014,31.7905407
North Macedonia,MKD,2015,31.97598839
North Macedonia,MKD,2016,29.59326935
North Macedonia,MKD,2017,29.72694397
Northern Mariana Islands,MNP,1990,11.41490078
Northern Mariana Islands,MNP,1995,11.40998554
Northern Mariana Islands,MNP,2000,12.18124199
Northern Mariana Islands,MNP,2005,11.86877155
Northern Mariana Islands,MNP,2010,11.92638111
Northern Mariana Islands,MNP,2011,12.19962692
Northern Mariana Islands,MNP,2012,11.43999577
Northern Mariana Islands,MNP,2013,10.96502018
Northern Mariana Islands,MNP,2014,10.31347179
Northern Mariana Islands,MNP,2015,10.39771175
Northern Mariana Islands,MNP,2016,9.917756081
Northern Mariana Islands,MNP,2017,9.892981529
Norway,NOR,1990,8.995380402
Norway,NOR,1995,8.793261528
Norway,NOR,2000,8.668866158
Norway,NOR,2005,8.359490395
Norway,NOR,2010,8.341506958
Norway,NOR,2011,8.853510857
Norway,NOR,2012,7.925281048
Norway,NOR,2013,7.633674622
Norway,NOR,2014,7.670896053
Norway,NOR,2015,7.24277544
Norway,NOR,2016,6.959457397
Norway,NOR,2017,6.956519604
Oman,OMN,1990,40.18764496
Oman,OMN,1995,39.60269165
Oman,OMN,2000,39.85528946
Oman,OMN,2005,39.65527344
Oman,OMN,2010,37.51533508
Oman,OMN,2011,39.1037941
Oman,OMN,2012,40.733284
Oman,OMN,2013,41.05276871
Oman,OMN,2014,37.71088028
Oman,OMN,2015,42.62759018
Oman,OMN,2016,41.78219223
Oman,OMN,2017,41.11523819
Pakistan,PAK,1990,60.33465958
Pakistan,PAK,1995,61.43286514
Pakistan,PAK,2000,61.1060257
Pakistan,PAK,2005,63.37843704
Pakistan,PAK,2010,68.00518799
Pakistan,PAK,2011,68.54493713
Pakistan,PAK,2012,62.37664795
Pakistan,PAK,2013,61.02216339
Pakistan,PAK,2014,59.51836395
Pakistan,PAK,2015,60.08589172
Pakistan,PAK,2016,58.63276291
Pakistan,PAK,2017,58.2824173
Palestine,PSE,1990,34.22574997
Palestine,PSE,1995,34.16200256
Palestine,PSE,2000,33.85375214
Palestine,PSE,2005,31.97449493
Palestine,PSE,2010,33.00667572
Palestine,PSE,2011,32.8733139
Palestine,PSE,2012,32.76945877
Palestine,PSE,2013,33.49296188
Palestine,PSE,2014,33.44828415
Palestine,PSE,2015,33.89141083
Palestine,PSE,2016,32.74206924
Palestine,PSE,2017,33.22563171
Panama,PAN,1990,13.12754536
Panama,PAN,1995,13.20617008
Panama,PAN,2000,14.38301468
Panama,PAN,2005,14.11531544
Panama,PAN,2010,14.13891888
Panama,PAN,2011,14.29603863
Panama,PAN,2012,13.97236633
Panama,PAN,2013,13.39787006
Panama,PAN,2014,12.9216156
Panama,PAN,2015,12.49074364
Panama,PAN,2016,11.46554756
Panama,PAN,2017,11.40005398
Papua New Guinea,PNG,1990,15.12629986
Papua New Guinea,PNG,1995,14.63744926
Papua New Guinea,PNG,2000,14.75156307
Papua New Guinea,PNG,2005,14.52423954
Papua New Guinea,PNG,2010,14.94135857
Papua New Guinea,PNG,2011,15.51903343
Papua New Guinea,PNG,2012,14.60653305
Papua New Guinea,PNG,2013,13.95262814
Papua New Guinea,PNG,2014,13.24529839
Papua New Guinea,PNG,2015,13.26172638
Papua New Guinea,PNG,2016,12.61505604
Papua New Guinea,PNG,2017,12.29441833
Paraguay,PRY,1990,14.02361679
Paraguay,PRY,1995,14.28826809
Paraguay,PRY,2000,14.21308613
Paraguay,PRY,2005,15.13047028
Paraguay,PRY,2010,15.10292339
Paraguay,PRY,2011,14.59811878
Paraguay,PRY,2012,13.94830608
Paraguay,PRY,2013,12.92656898
Paraguay,PRY,2014,12.64107513
Paraguay,PRY,2015,13.03807449
Paraguay,PRY,2016,11.64932251
Paraguay,PRY,2017,11.90908051
Peru,PER,1990,28.52093887
Peru,PER,1995,29.50529671
Peru,PER,2000,30.27366257
Peru,PER,2005,32.29922867
Peru,PER,2010,31.50257492
Peru,PER,2011,31.57116508
Peru,PER,2012,30.49445534
Peru,PER,2013,29.74308586
Peru,PER,2014,27.58267212
Peru,PER,2015,26.03726768
Peru,PER,2016,25.54274559
Peru,PER,2017,24.78672791
Philippines,PHL,1990,22.11603546
Philippines,PHL,1995,21.97021866
Philippines,PHL,2000,22.20389748
Philippines,PHL,2005,22.81857109
Philippines,PHL,2010,23.59231567
Philippines,PHL,2011,22.75483513
Philippines,PHL,2012,22.54958344
Philippines,PHL,2013,21.21628761
Philippines,PHL,2014,20.25958633
Philippines,PHL,2015,19.58154297
Philippines,PHL,2016,18.22692871
Philippines,PHL,2017,18.06979942
Poland,POL,1990,30.19942856
Poland,POL,1995,27.89182854
Poland,POL,2000,25.82218552
Poland,POL,2005,26.15121841
Poland,POL,2010,27.17650032
Poland,POL,2011,26.3725071
Poland,POL,2012,24.26397705
Poland,POL,2013,22.92872429
Poland,POL,2014,22.21089172
Poland,POL,2015,22.69131851
Poland,POL,2016,20.97576714
Poland,POL,2017,20.87782288
Portugal,PRT,1990,10.14053059
Portugal,PRT,1995,10.08459377
Portugal,PRT,2000,10.12369251
Portugal,PRT,2005,10.44970798
Portugal,PRT,2010,10.07688713
Portugal,PRT,2011,10.35501289
Portugal,PRT,2012,9.4848032
Portugal,PRT,2013,9.432044029
Portugal,PRT,2014,8.7847929
Portugal,PRT,2015,8.823283195
Portugal,PRT,2016,8.052763939
Portugal,PRT,2017,8.160752296
Puerto Rico,PRI,1990,8.238191605
Puerto Rico,PRI,1995,8.233421326
Puerto Rico,PRI,2000,10.43600273
Puerto Rico,PRI,2005,10.39992619
Puerto Rico,PRI,2010,10.3725481
Puerto Rico,PRI,2011,10.57940578
Puerto Rico,PRI,2012,9.966244698
Puerto Rico,PRI,2013,9.703754425
Puerto Rico,PRI,2014,9.089227676
Puerto Rico,PRI,2015,8.920909882
Puerto Rico,PRI,2016,8.342871666
Puerto Rico,PRI,2017,8.349033356
Qatar,QAT,1990,91.63639069
Qatar,QAT,1995,89.99349976
Qatar,QAT,2000,83.53533173
Qatar,QAT,2005,85.32646942
Qatar,QAT,2010,84.12290192
Qatar,QAT,2011,81.27300262
Qatar,QAT,2012,89.24697113
Qatar,QAT,2013,88.89051819
Qatar,QAT,2014,78.83283997
Qatar,QAT,2015,94.40389252
Qatar,QAT,2016,88.22245026
Qatar,QAT,2017,91.18732452
Romania,ROU,1990,20.31926346
Romania,ROU,1995,18.5724144
Romania,ROU,2000,17.6967411
Romania,ROU,2005,17.15777588
Romania,ROU,2010,17.06214714
Romania,ROU,2011,17.63675499
Romania,ROU,2012,16.31584549
Romania,ROU,2013,15.36930943
Romania,ROU,2014,15.00649548
Romania,ROU,2015,15.4335556
Romania,ROU,2016,14.53706264
Romania,ROU,2017,14.61134052
Russia,RUS,1990,21.22334671
Russia,RUS,1995,19.87333298
Russia,RUS,2000,19.05403709
Russia,RUS,2005,18.99521637
Russia,RUS,2010,19.48031044
Russia,RUS,2011,19.19151115
Russia,RUS,2012,18.30433846
Russia,RUS,2013,17.79507065
Russia,RUS,2014,16.58216286
Russia,RUS,2015,17.01919174
Russia,RUS,2016,16.21989059
Russia,RUS,2017,16.16022301
Rwanda,RWA,1990,45.52701187
Rwanda,RWA,1995,44.05491638
Rwanda,RWA,2000,43.48168945
Rwanda,RWA,2005,42.691185
Rwanda,RWA,2010,41.44091034
Rwanda,RWA,2011,42.68095779
Rwanda,RWA,2012,44.56089783
Rwanda,RWA,2013,44.41158676
Rwanda,RWA,2014,42.21148682
Rwanda,RWA,2015,42.61449051
Rwanda,RWA,2016,42.84380341
Rwanda,RWA,2017,43.21021652
Saint Lucia,LCA,1990,26.71198463
Saint Lucia,LCA,1995,26.84988213
Saint Lucia,LCA,2000,27.09613228
Saint Lucia,LCA,2005,26.98484993
Saint Lucia,LCA,2010,27.63597298
Saint Lucia,LCA,2011,28.07865524
Saint Lucia,LCA,2012,26.36748505
Saint Lucia,LCA,2013,25.44480133
Saint Lucia,LCA,2014,24.23630333
Saint Lucia,LCA,2015,24.28323936
Saint Lucia,LCA,2016,22.35339928
Saint Lucia,LCA,2017,22.40081787
Saint Vincent and the Grenadines,VCT,1990,27.16453934
Saint Vincent and the Grenadines,VCT,1995,27.16265869
Saint Vincent and the Grenadines,VCT,2000,26.95793152
Saint Vincent and the Grenadines,VCT,2005,27.0641346
Saint Vincent and the Grenadines,VCT,2010,26.39665794
Saint Vincent and the Grenadines,VCT,2011,27.58280945
Saint Vincent and the Grenadines,VCT,2012,25.75407791
Saint Vincent and the Grenadines,VCT,2013,24.76218033
Saint Vincent and the Grenadines,VCT,2014,23.03093147
Saint Vincent and the Grenadines,VCT,2015,23.47317123
Saint Vincent and the Grenadines,VCT,2016,22.07655144
Saint Vincent and the Grenadines,VCT,2017,22.20051575
Samoa,WSM,1990,14.31124973
Samoa,WSM,1995,14.29698849
Samoa,WSM,2000,14.32047081
Samoa,WSM,2005,14.20545769
Samoa,WSM,2010,14.28809357
Samoa,WSM,2011,14.69309616
Samoa,WSM,2012,13.627882
Samoa,WSM,2013,13.38252163
Samoa,WSM,2014,12.64356041
Samoa,WSM,2015,12.32179546
Samoa,WSM,2016,11.36629868
Samoa,WSM,2017,11.54802704
Sao Tome and Principe,STP,1990,30.44904518
Sao Tome and Principe,STP,1995,30.31451607
Sao Tome and Principe,STP,2000,30.31190109
Sao Tome and Principe,STP,2005,29.33439445
Sao Tome and Principe,STP,2010,27.12662125
Sao Tome and Principe,STP,2011,27.86024475
Sao Tome and Principe,STP,2012,25.91584396
Sao Tome and Principe,STP,2013,27.65881729
Sao Tome and Principe,STP,2014,27.86230278
Sao Tome and Principe,STP,2015,28.43209267
Sao Tome and Principe,STP,2016,28.66653824
Sao Tome and Principe,STP,2017,28.53958511
Saudi Arabia,SAU,1990,70.57306671
Saudi Arabia,SAU,1995,72.58493805
Saudi Arabia,SAU,2000,79.07552338
Saudi Arabia,SAU,2005,76.4224472
Saudi Arabia,SAU,2010,81.6991806
Saudi Arabia,SAU,2011,82.41902924
Saudi Arabia,SAU,2012,85.51330566
Saudi Arabia,SAU,2013,83.63098907
Saudi Arabia,SAU,2014,75.60844421
Saudi Arabia,SAU,2015,97.43228912
Saudi Arabia,SAU,2016,84.46577454
Saudi Arabia,SAU,2017,87.94544983
Senegal,SEN,1990,41.01650238
Senegal,SEN,1995,41.70807648
Senegal,SEN,2000,41.35304642
Senegal,SEN,2005,35.5450592
Senegal,SEN,2010,34.98538208
Senegal,SEN,2011,35.9353981
Senegal,SEN,2012,36.16775513
Senegal,SEN,2013,34.01822662
Senegal,SEN,2014,36.82683945
Senegal,SEN,2015,44.34080124
Senegal,SEN,2016,38.69494629
Senegal,SEN,2017,40.69582748
Serbia,SRB,1990,31.41516495
Serbia,SRB,1995,29.79295349
Serbia,SRB,2000,29.22397041
Serbia,SRB,2005,29.68541718
Serbia,SRB,2010,29.10058975
Serbia,SRB,2011,31.0340271
Serbia,SRB,2012,28.58474922
Serbia,SRB,2013,27.43078613
Serbia,SRB,2014,26.49207306
Serbia,SRB,2015,26.95437813
Serbia,SRB,2016,24.78062248
Serbia,SRB,2017,24.72635841
Seychelles,SYC,1990,21.79735947
Seychelles,SYC,1995,21.7683754
Seychelles,SYC,2000,21.64752007
Seychelles,SYC,2005,21.77301025
Seychelles,SYC,2010,21.09126854
Seychelles,SYC,2011,21.61035728
Seychelles,SYC,2012,21.49533463
Seychelles,SYC,2013,20.9697361
Seychelles,SYC,2014,20.97051811
Seychelles,SYC,2015,20.05359459
Seychelles,SYC,2016,20.40382385
Seychelles,SYC,2017,20.1786499
Sierra Leone,SLE,1990,20.73264694
Sierra Leone,SLE,1995,20.13938332
Sierra Leone,SLE,2000,20.50687027
Sierra Leone,SLE,2005,19.31250954
Sierra Leone,SLE,2010,18.5288887
Sierra Leone,SLE,2011,18.74315643
Sierra Leone,SLE,2012,20.10129356
Sierra Leone,SLE,2013,18.43566704
Sierra Leone,SLE,2014,17.69823265
Sierra Leone,SLE,2015,22.52859879
Sierra Leone,SLE,2016,21.34393311
Sierra Leone,SLE,2017,21.62594604
Singapore,SGP,1990,18.72424316
Singapore,SGP,1995,18.75501442
Singapore,SGP,2000,19.32318497
Singapore,SGP,2005,20.8013134
Singapore,SGP,2010,20.60946083
Singapore,SGP,2011,19.34942055
Singapore,SGP,2012,20.88649368
Singapore,SGP,2013,18.7070713
Singapore,SGP,2014,17.40887642
Singapore,SGP,2015,20.66338921
Singapore,SGP,2016,18.79780197
Singapore,SGP,2017,19.07825661
Slovakia,SVK,1990,24.9534359
Slovakia,SVK,1995,22.81060791
Slovakia,SVK,2000,21.72399902
Slovakia,SVK,2005,21.94342041
Slovakia,SVK,2010,21.69021988
Slovakia,SVK,2011,21.76719856
Slovakia,SVK,2012,19.76493263
Slovakia,SVK,2013,19.31549263
Slovakia,SVK,2014,18.30418205
Slovakia,SVK,2015,18.80264664
Slovakia,SVK,2016,17.35366249
Slovakia,SVK,2017,17.56291199
Slovenia,SVN,1990,22.27114868
Slovenia,SVN,1995,20.88141441
Slovenia,SVN,2000,19.13404655
Slovenia,SVN,2005,19.42284203
Slovenia,SVN,2010,18.68165588
Slovenia,SVN,2011,19.51413727
Slovenia,SVN,2012,17.67007828
Slovenia,SVN,2013,17.57137871
Slovenia,SVN,2014,16.63269997
Slovenia,SVN,2015,17.12815285
Slovenia,SVN,2016,15.91273689
Slovenia,SVN,2017,16.02397919
Solomon Islands,SLB,1990,13.76173592
Solomon Islands,SLB,1995,13.09875393
Solomon Islands,SLB,2000,13.8669548
Solomon Islands,SLB,2005,14.17872334
Solomon Islands,SLB,2010,14.37425518
Solomon Islands,SLB,2011,14.37537289
Solomon Islands,SLB,2012,13.4302454
Solomon Islands,SLB,2013,12.55325508
Solomon Islands,SLB,2014,12.17203045
Solomon Islands,SLB,2015,12.69969559
Solomon Islands,SLB,2016,11.83068943
Solomon Islands,SLB,2017,11.87912178
Somalia,SOM,1990,31.7359848
Somalia,SOM,1995,29.9011116
Somalia,SOM,2000,31.38599014
Somalia,SOM,2005,29.72180367
Somalia,SOM,2010,29.00018501
Somalia,SOM,2011,31.23015594
Somalia,SOM,2012,31.5871048
Somalia,SOM,2013,29.5515728
Somalia,SOM,2014,30.40108109
Somalia,SOM,2015,32.01839066
Somalia,SOM,2016,31.75174522
Somalia,SOM,2017,32.03458405
South Africa,ZAF,1990,26.12020302
South Africa,ZAF,1995,26.28537369
South Africa,ZAF,2000,26.67379951
South Africa,ZAF,2005,26.32287788
South Africa,ZAF,2010,27.13858604
South Africa,ZAF,2011,26.55787277
South Africa,ZAF,2012,26.5770874
South Africa,ZAF,2013,26.7292614
South Africa,ZAF,2014,26.72221184
South Africa,ZAF,2015,26.11297226
South Africa,ZAF,2016,25.14041519
South Africa,ZAF,2017,25.10220528
South Asia,,1990,76.61940765
South Asia,,1995,77.85356903
South Asia,,2000,78.90750122
South Asia,,2005,84.33090973
South Asia,,2010,89.16764832
South Asia,,2011,90.5694809
South Asia,,2012,82.73168182
South Asia,,2013,84.69029999
South Asia,,2014,83.06719971
South Asia,,2015,82.7248764
South Asia,,2016,81.98110199
South Asia,,2017,82.86934662
South Korea,KOR,1990,29.33102226
South Korea,KOR,1995,29.52063179
South Korea,KOR,2000,29.7654686
South Korea,KOR,2005,30.40690422
South Korea,KOR,2010,29.80200958
South Korea,KOR,2011,29.68119431
South Korea,KOR,2012,27.91595268
South Korea,KOR,2013,29.46191788
South Korea,KOR,2014,27.21310997
South Korea,KOR,2015,28.21424294
South Korea,KOR,2016,25.09854126
South Korea,KOR,2017,25.0394249
South Sudan,SSD,1990,46.23936081
South Sudan,SSD,1995,45.378582
South Sudan,SSD,2000,44.1015892
South Sudan,SSD,2005,44.39170456
South Sudan,SSD,2010,43.2253418
South Sudan,SSD,2011,45.10147095
South Sudan,SSD,2012,43.97406006
South Sudan,SSD,2013,42.64200211
South Sudan,SSD,2014,41.90055847
South Sudan,SSD,2015,47.76803207
South Sudan,SSD,2016,44.84657288
South Sudan,SSD,2017,45.57750702
Spain,ESP,1990,12.21132278
Spain,ESP,1995,11.94539547
Spain,ESP,2000,11.77420902
Spain,ESP,2005,11.56902504
Spain,ESP,2010,11.34932899
Spain,ESP,2011,12.0379982
Spain,ESP,2012,11.14962292
Spain,ESP,2013,10.74258232
Spain,ESP,2014,10.07458878
Spain,ESP,2015,10.4491024
Spain,ESP,2016,9.704138756
Spain,ESP,2017,9.697927475
Sri Lanka,LKA,1990,29.76850319
Sri Lanka,LKA,1995,30.1860733
Sri Lanka,LKA,2000,30.85576248
Sri Lanka,LKA,2005,30.95673561
Sri Lanka,LKA,2010,31.03378105
Sri Lanka,LKA,2011,31.23207474
Sri Lanka,LKA,2012,30.08397293
Sri Lanka,LKA,2013,28.89822769
Sri Lanka,LKA,2014,26.92277718
Sri Lanka,LKA,2015,25.33734322
Sri Lanka,LKA,2016,14.02544498
Sri Lanka,LKA,2017,11.099617
Sub-Saharan Africa,,1990,44.01891708
Sub-Saharan Africa,,1995,43.11386108
Sub-Saharan Africa,,2000,42.78709793
Sub-Saharan Africa,,2005,39.82891846
Sub-Saharan Africa,,2010,38.21263504
Sub-Saharan Africa,,2011,38.3612175
Sub-Saharan Africa,,2012,39.8298111
Sub-Saharan Africa,,2013,37.91720963
Sub-Saharan Africa,,2014,37.23258591
Sub-Saharan Africa,,2015,45.67066956
Sub-Saharan Africa,,2016,44.36847305
Sub-Saharan Africa,,2017,44.61314392
Sudan,SDN,1990,51.14362717
Sudan,SDN,1995,52.38815689
Sudan,SDN,2000,49.4280777
Sudan,SDN,2005,50.1754303
Sudan,SDN,2010,47.26205444
Sudan,SDN,2011,51.15242767
Sudan,SDN,2012,49.68593979
Sudan,SDN,2013,48.02814484
Sudan,SDN,2014,48.14174271
Sudan,SDN,2015,58.90478516
Sudan,SDN,2016,54.14727783
Sudan,SDN,2017,55.37083435
Suriname,SUR,1990,29.99309921
Suriname,SUR,1995,30.04112434
Suriname,SUR,2000,29.02589226
Suriname,SUR,2005,29.97570419
Suriname,SUR,2010,29.8318882
Suriname,SUR,2011,31.03872108
Suriname,SUR,2012,29.13360977
Suriname,SUR,2013,28.80831718
Suriname,SUR,2014,25.99884796
Suriname,SUR,2015,25.97328377
Suriname,SUR,2016,25.31697845
Suriname,SUR,2017,24.78001022
Sweden,SWE,1990,7.947532177
Sweden,SWE,1995,7.57532835
Sweden,SWE,2000,7.578009129
Sweden,SWE,2005,7.165820122
Sweden,SWE,2010,7.209759235
Sweden,SWE,2011,7.391221523
Sweden,SWE,2012,6.627942085
Sweden,SWE,2013,6.431169033
Sweden,SWE,2014,6.959197521
Sweden,SWE,2015,6.322498322
Sweden,SWE,2016,6.114258289
Sweden,SWE,2017,6.184665203
Switzerland,CHE,1990,14.22837257
Switzerland,CHE,1995,13.37056065
Switzerland,CHE,2000,12.69076443
Switzerland,CHE,2005,12.86181641
Switzerland,CHE,2010,12.92221928
Switzerland,CHE,2011,13.04922104
Switzerland,CHE,2012,12.26138783
Switzerland,CHE,2013,11.82005501
Switzerland,CHE,2014,11.38910675
Switzerland,CHE,2015,11.16525459
Switzerland,CHE,2016,10.34263039
Switzerland,CHE,2017,10.30309963
Syria,SYR,1990,46.7179451
Syria,SYR,1995,44.62346649
Syria,SYR,2000,41.55630493
Syria,SYR,2005,39.94174957
Syria,SYR,2010,42.65768433
Syria,SYR,2011,41.12495422
Syria,SYR,2012,41.01683807
Syria,SYR,2013,41.91496658
Syria,SYR,2014,41.53448105
Syria,SYR,2015,44.31390762
Syria,SYR,2016,43.7025528
Syria,SYR,2017,43.75725937
Tajikistan,TJK,1990,50.98789978
Tajikistan,TJK,1995,51.6068306
Tajikistan,TJK,2000,51.18266296
Tajikistan,TJK,2005,49.33935165
Tajikistan,TJK,2010,50.4054184
Tajikistan,TJK,2011,54.31996155
Tajikistan,TJK,2012,48.98960495
Tajikistan,TJK,2013,49.55313873
Tajikistan,TJK,2014,46.48082733
Tajikistan,TJK,2015,47.79297256
Tajikistan,TJK,2016,43.37770844
Tajikistan,TJK,2017,46.15218353
Tanzania,TZA,1990,29.86164665
Tanzania,TZA,1995,28.808424
Tanzania,TZA,2000,28.97369766
Tanzania,TZA,2005,29.57383537
Tanzania,TZA,2010,28.6075325
Tanzania,TZA,2011,28.7287693
Tanzania,TZA,2012,29.96984482
Tanzania,TZA,2013,29.35963249
Tanzania,TZA,2014,28.87371635
Tanzania,TZA,2015,28.240448
Tanzania,TZA,2016,28.44356918
Tanzania,TZA,2017,29.07664108
Thailand,THA,1990,30.83162117
Thailand,THA,1995,30.93971634
Thailand,THA,2000,30.96035194
Thailand,THA,2005,31.80703354
Thailand,THA,2010,31.56539917
Thailand,THA,2011,31.60962868
Thailand,THA,2012,31.52531433
Thailand,THA,2013,31.17472458
Thailand,THA,2014,29.36464119
Thailand,THA,2015,27.34456635
Thailand,THA,2016,26.25805473
Thailand,THA,2017,26.25672722
Timor,TLS,1990,23.05657959
Timor,TLS,1995,23.25599289
Timor,TLS,2000,23.501297
Timor,TLS,2005,23.25316048
Timor,TLS,2010,23.4923954
Timor,TLS,2011,23.75671959
Timor,TLS,2012,22.46662331
Timor,TLS,2013,21.9646225
Timor,TLS,2014,20.45009995
Timor,TLS,2015,20.62318611
Timor,TLS,2016,20.01790237
Timor,TLS,2017,19.25720978
Togo,TGO,1990,38.11479187
Togo,TGO,1995,37.70164871
Togo,TGO,2000,37.68585587
Togo,TGO,2005,31.39154625
Togo,TGO,2010,30.5229454
Togo,TGO,2011,30.8548069
Togo,TGO,2012,31.36920929
Togo,TGO,2013,29.56592751
Togo,TGO,2014,28.93629074
Togo,TGO,2015,38.35681915
Togo,TGO,2016,37.0511055
Togo,TGO,2017,35.73133469
Tonga,TON,1990,13.16782284
Tonga,TON,1995,13.30625057
Tonga,TON,2000,12.79857159
Tonga,TON,2005,13.17913914
Tonga,TON,2010,13.53194809
Tonga,TON,2011,13.51708794
Tonga,TON,2012,12.43817139
Tonga,TON,2013,12.14771366
Tonga,TON,2014,12.05764008
Tonga,TON,2015,11.31296825
Tonga,TON,2016,10.95142365
Tonga,TON,2017,10.78547859
Trinidad and Tobago,TTO,1990,28.87598991
Trinidad and Tobago,TTO,1995,29.460783
Trinidad and Tobago,TTO,2000,28.79406166
Trinidad and Tobago,TTO,2005,29.52593613
Trinidad and Tobago,TTO,2010,28.70418549
Trinidad and Tobago,TTO,2011,29.85162544
Trinidad and Tobago,TTO,2012,27.94250488
Trinidad and Tobago,TTO,2013,27.15873909
Trinidad and Tobago,TTO,2014,24.85584259
Trinidad and Tobago,TTO,2015,24.89807701
Trinidad and Tobago,TTO,2016,24.23048019
Trinidad and Tobago,TTO,2017,24.10856819
Tunisia,TUN,1990,35.94963455
Tunisia,TUN,1995,35.94087982
Tunisia,TUN,2000,35.60252762
Tunisia,TUN,2005,33.55744934
Tunisia,TUN,2010,35.54549026
Tunisia,TUN,2011,33.86835098
Tunisia,TUN,2012,32.81580734
Tunisia,TUN,2013,35.65414429
Tunisia,TUN,2014,34.69205856
Tunisia,TUN,2015,36.30424881
Tunisia,TUN,2016,38.45048904
Tunisia,TUN,2017,37.65599442
Turkey,TUR,1990,42.59882355
Turkey,TUR,1995,41.97206116
Turkey,TUR,2000,42.69252396
Turkey,TUR,2005,41.20201492
Turkey,TUR,2010,43.82122803
Turkey,TUR,2011,40.5451088
Turkey,TUR,2012,41.92091751
Turkey,TUR,2013,42.06258392
Turkey,TUR,2014,42.59577179
Turkey,TUR,2015,45.40155411
Turkey,TUR,2016,44.48275757
Turkey,TUR,2017,44.31152725
Turkmenistan,TKM,1990,25.30134392
Turkmenistan,TKM,1995,25.37096977
Turkmenistan,TKM,2000,25.47155571
Turkmenistan,TKM,2005,23.85405731
Turkmenistan,TKM,2010,24.85182953
Turkmenistan,TKM,2011,25.49609947
Turkmenistan,TKM,2012,23.80200958
Turkmenistan,TKM,2013,23.7218895
Turkmenistan,TKM,2014,22.08490753
Turkmenistan,TKM,2015,22.97053909
Turkmenistan,TKM,2016,21.7411232
Turkmenistan,TKM,2017,21.76772118
Uganda,UGA,1990,47.87483978
Uganda,UGA,1995,48.34343719
Uganda,UGA,2000,46.02890778
Uganda,UGA,2005,45.94616699
Uganda,UGA,2010,44.75869751
Uganda,UGA,2011,47.06116867
Uganda,UGA,2012,49.62672806
Uganda,UGA,2013,47.72115707
Uganda,UGA,2014,46.9305687
Uganda,UGA,2015,48.94935989
Uganda,UGA,2016,51.94410706
Uganda,UGA,2017,50.49431992
Ukraine,UKR,1990,28.30954742
Ukraine,UKR,1995,25.8867321
Ukraine,UKR,2000,24.15791321
Ukraine,UKR,2005,23.92220497
Ukraine,UKR,2010,23.52265739
Ukraine,UKR,2011,23.97110367
Ukraine,UKR,2012,22.32879257
Ukraine,UKR,2013,21.53240013
Ukraine,UKR,2014,20.48689461
Ukraine,UKR,2015,21.24645424
Ukraine,UKR,2016,20.61818695
Ukraine,UKR,2017,20.30977631
United Arab Emirates,ARE,1990,39.82462692
United Arab Emirates,ARE,1995,39.77842712
United Arab Emirates,ARE,2000,39.69879913
United Arab Emirates,ARE,2005,38.98906326
United Arab Emirates,ARE,2010,38.98006821
United Arab Emirates,ARE,2011,39.19343185
United Arab Emirates,ARE,2012,39.27712631
United Arab Emirates,ARE,2013,39.6081543
United Arab Emirates,ARE,2014,37.98342133
United Arab Emirates,ARE,2015,42.33499146
United Arab Emirates,ARE,2016,40.52210236
United Arab Emirates,ARE,2017,40.91751099
United Kingdom,GBR,1990,13.50818634
United Kingdom,GBR,1995,13.00544453
United Kingdom,GBR,2000,12.61822891
United Kingdom,GBR,2005,12.53789711
United Kingdom,GBR,2010,12.29910851
United Kingdom,GBR,2011,12.84799862
United Kingdom,GBR,2012,11.81449509
United Kingdom,GBR,2013,11.61890125
United Kingdom,GBR,2014,10.80056
United Kingdom,GBR,2015,10.75487328
United Kingdom,GBR,2016,10.50466728
United Kingdom,GBR,2017,10.47269058
United States,USA,1990,9.701666832
United States,USA,1995,9.566391945
United States,USA,2000,9.525137901
United States,USA,2005,9.609824181
United States,USA,2010,9.358636856
United States,USA,2011,9.74064064
United States,USA,2012,9.003163338
United States,USA,2013,8.734777451
United States,USA,2014,8.220720291
United States,USA,2015,8.063920021
United States,USA,2016,7.4064641
United States,USA,2017,7.409441471
United States Virgin Islands,VIR,1990,10.29925251
United States Virgin Islands,VIR,1995,10.29546738
United States Virgin Islands,VIR,2000,12.85075569
United States Virgin Islands,VIR,2005,12.76008034
United States Virgin Islands,VIR,2010,12.75209999
United States Virgin Islands,VIR,2011,12.99373817
United States Virgin Islands,VIR,2012,12.23312283
United States Virgin Islands,VIR,2013,11.955513
United States Virgin Islands,VIR,2014,11.16581631
United States Virgin Islands,VIR,2015,11.02889633
United States Virgin Islands,VIR,2016,10.26484299
United States Virgin Islands,VIR,2017,10.26531219
Upper middle income,,1990,43.62598801
Upper middle income,,1995,44.05805206
Upper middle income,,2000,45.36685181
Upper middle income,,2005,48.47496414
Upper middle income,,2010,50.41101837
Upper middle income,,2011,50.92295837
Upper middle income,,2012,46.80340958
Upper middle income,,2013,47.4893837
Upper middle income,,2014,43.67171097
Upper middle income,,2015,43.36198044
Upper middle income,,2016,39.01467514
Upper middle income,,2017,39.23002243
Uruguay,URY,1990,10.87069988
Uruguay,URY,1995,10.74385643
Uruguay,URY,2000,11.3670826
Uruguay,URY,2005,10.91842461
Uruguay,URY,2010,11.02705574
Uruguay,URY,2011,11.46873188
Uruguay,URY,2012,10.56729412
Uruguay,URY,2013,10.45560551
Uruguay,URY,2014,9.926815987
Uruguay,URY,2015,9.659454346
Uruguay,URY,2016,9.197441101
Uruguay,URY,2017,9.27488327
Uzbekistan,UZB,1990,35.90257645
Uzbekistan,UZB,1995,34.78758621
Uzbekistan,UZB,2000,31.93634605
Uzbekistan,UZB,2005,31.53029442
Uzbekistan,UZB,2010,32.07745361
Uzbekistan,UZB,2011,33.99383545
Uzbekistan,UZB,2012,31.66210556
Uzbekistan,UZB,2013,30.80519295
Uzbekistan,UZB,2014,28.90003586
Uzbekistan,UZB,2015,30.39433098
Uzbekistan,UZB,2016,27.81434631
Uzbekistan,UZB,2017,28.4559021
Vanuatu,VUT,1990,13.67055035
Vanuatu,VUT,1995,13.52147388
Vanuatu,VUT,2000,14.06654644
Vanuatu,VUT,2005,14.18976974
Vanuatu,VUT,2010,14.12951279
Vanuatu,VUT,2011,14.38296413
Vanuatu,VUT,2012,13.24245262
Vanuatu,VUT,2013,12.74069309
Vanuatu,VUT,2014,11.93385124
Vanuatu,VUT,2015,12.15721035
Vanuatu,VUT,2016,11.590909
Vanuatu,VUT,2017,11.65277672
Venezuela,VEN,1990,21.45715904
Venezuela,VEN,1995,21.27096367
Venezuela,VEN,2000,21.6102829
Venezuela,VEN,2005,22.36926079
Venezuela,VEN,2010,21.68286896
Venezuela,VEN,2011,22.03310776
Venezuela,VEN,2012,21.24572754
Venezuela,VEN,2013,20.42894936
Venezuela,VEN,2014,19.10406113
Venezuela,VEN,2015,18.30300522
Venezuela,VEN,2016,16.76799393
Venezuela,VEN,2017,17.00855446
Vietnam,VNM,1990,35.92847824
Vietnam,VNM,1995,36.01681137
Vietnam,VNM,2000,36.23884583
Vietnam,VNM,2005,37.74959183
Vietnam,VNM,2010,39.36539841
Vietnam,VNM,2011,38.48697662
Vietnam,VNM,2012,37.22745132
Vietnam,VNM,2013,36.83590698
Vietnam,VNM,2014,34.89601517
Vietnam,VNM,2015,32.46644211
Vietnam,VNM,2016,30.24131203
Vietnam,VNM,2017,29.62672806
World,OWID_WRL,1990,44.26161575
World,OWID_WRL,1995,44.88187408
World,OWID_WRL,2000,45.9353981
World,OWID_WRL,2005,48.36383057
World,OWID_WRL,2010,50.25201416
World,OWID_WRL,2011,50.77349091
World,OWID_WRL,2012,47.54097366
World,OWID_WRL,2013,47.96192551
World,OWID_WRL,2014,45.95833588
World,OWID_WRL,2015,47.24492645
World,OWID_WRL,2016,45.16518402
World,OWID_WRL,2017,45.53804779
Yemen,YEM,1990,48.86372757
Yemen,YEM,1995,50.02771759
Yemen,YEM,2000,50.86793137
Yemen,YEM,2005,45.14480591
Yemen,YEM,2010,45.9794693
Yemen,YEM,2011,50.835289
Yemen,YEM,2012,51.43445587
Yemen,YEM,2013,52.9984436
Yemen,YEM,2014,48.33865356
Yemen,YEM,2015,54.26028824
Yemen,YEM,2016,50.12762451
Yemen,YEM,2017,50.4560051
Zambia,ZMB,1990,32.7648468
Zambia,ZMB,1995,30.90846634
Zambia,ZMB,2000,30.8982048
Zambia,ZMB,2005,28.94705582
Zambia,ZMB,2010,28.8363781
Zambia,ZMB,2011,28.98711586
Zambia,ZMB,2012,29.74203873
Zambia,ZMB,2013,29.11222076
Zambia,ZMB,2014,28.4932518
Zambia,ZMB,2015,28.37545204
Zambia,ZMB,2016,27.35567284
Zambia,ZMB,2017,27.43803406
Zimbabwe,ZWE,1990,23.31990814
Zimbabwe,ZWE,1995,22.72626877
Zimbabwe,ZWE,2000,23.12637329
Zimbabwe,ZWE,2005,23.31474113
Zimbabwe,ZWE,2010,23.23147964
Zimbabwe,ZWE,2011,23.07421303
Zimbabwe,ZWE,2012,23.19809723
Zimbabwe,ZWE,2013,23.1110878
Zimbabwe,ZWE,2014,22.80595016
Zimbabwe,ZWE,2015,21.73370934
Zimbabwe,ZWE,2016,21.72694778
Zimbabwe,ZWE,2017,22.25167084
